<?xml version="1.0" encoding="UTF-8"?><ImplementationGuide xmlns="http://hl7.org/fhir"><id value="ihe.pharm.mpd"/><text><status value="generated"/><div xmlns="http://www.w3.org/1999/xhtml"><p class="res-header-id"><b>Generated Narrative: ImplementationGuide ihe.pharm.mpd</b></p><a name="ihe.pharm.mpd"> </a><a name="hcihe.pharm.mpd"> </a><a name="ihe.pharm.mpd-en-US"> </a><h2>IHE_MPD</h2><p>The official URL for this implementation guide is: </p><pre>http://profiles.ihe.net/PHARM/ihe.pharm.mpd/ImplementationGuide/ihe.pharm.mpd</pre><div><p>ImplementationGuide for IHE Pharmacy Medication Prescription and Delivery</p>
</div></div></text><url value="http://profiles.ihe.net/PHARM/ihe.pharm.mpd/ImplementationGuide/ihe.pharm.mpd"/><version value="0.1.0"/><name value="IHE_MPD"/><title value="Medication Prescription and Delivery (MPD)"/><status value="active"/><date value="2025-03-17T17:12:42+00:00"/><publisher value="Integrating the Healthcare Enterprise (IHE)"/><contact><name value="Integrating the Healthcare Enterprise (IHE)"/><telecom><system value="url"/><value value="http://ihe.net"/></telecom><telecom><system value="email"/><value value="secretary@ihe.net"/></telecom></contact><contact><name value="Jose Costa Teixeira"/><telecom><system value="email"/><value value="jose.a.teixeira@gmail.com"/><use value="work"/></telecom></contact><description value="ImplementationGuide for IHE Pharmacy Medication Prescription and Delivery"/><jurisdiction><coding><system value="http://unstats.un.org/unsd/methods/m49/m49.htm"/><code value="001"/></coding></jurisdiction><copyright value="IHE http://www.ihe.net/Governance/#Intellectual_Property"/><packageId value="ihe.pharm.mpd"/><license value="CC-BY-SA-4.0"/><fhirVersion value="5.0.0"/><dependsOn id="hl7tx"><extension url="http://hl7.org/fhir/tools/StructureDefinition/implementationguide-dependency-comment"><valueMarkdown value="Automatically added as a dependency - all IGs depend on HL7 Terminology"/></extension><uri value="http://terminology.hl7.org/ImplementationGuide/hl7.terminology"/><packageId value="hl7.terminology.r5"/><version value="6.2.0"/></dependsOn><dependsOn id="hl7ext"><extension url="http://hl7.org/fhir/tools/StructureDefinition/implementationguide-dependency-comment"><valueMarkdown value="Automatically added as a dependency - all IGs depend on the HL7 Extension Pack"/></extension><uri value="http://hl7.org/fhir/extensions/ImplementationGuide/hl7.fhir.uv.extensions"/><packageId value="hl7.fhir.uv.extensions.r5"/><version value="5.2.0"/></dependsOn><dependsOn id="ihe_domain_logical_datatypes"><uri value="https://profiles.ihe.net/Domain/LogicalDatatypes/ImplementationGuide/ihe.domain.logical-datatypes"/><packageId value="ihe.domain.logical-datatypes"/><version value="current"/></dependsOn><definition><extension url="http://hl7.org/fhir/tools/StructureDefinition/ig-internal-dependency"><valueCode value="hl7.fhir.uv.tools.r5#0.4.1"/></extension><grouping id="-dyn-capabilitystatement"><name value="Behavior: Capability Statements"/><description value="The following artifacts define the specific capabilities that different types of systems are expected to have in order to comply with this implementation guide.  Systems conforming to this implementation guide are expected to declare conformance to one or more of the following capability statements."/></grouping><grouping id="-dyn-searchparameter"><name value="Behavior: Search Parameters"/><description value="These define the properties by which a RESTful server can be searched.  They can also be used for sorting and including related resources."/></grouping><grouping id="-str-logicalmodel"><name value="Structures: Logical Models"/><description value="These define data models that represent the domain covered by this implementation guide in more business-friendly terms than the underlying FHIR resources."/></grouping><grouping id="-str-profile"><name value="Structures: Resource Profiles"/><description value="These define constraints on FHIR resources for systems conforming to this implementation guide."/></grouping><grouping id="-str-extension"><name value="Structures: Extension Definitions"/><description value="These define constraints on FHIR data types for systems conforming to this implementation guide."/></grouping><grouping id="-ex-example"><name value="Example: Example Instances"/><description value="These are example instances that show what data produced and consumed by systems conforming with this implementation guide might look like."/></grouping><resource><extension url="http://hl7.org/fhir/tools/StructureDefinition/resource-sort"><valueInteger value="999999999"/></extension><extension url="http://hl7.org/fhir/StructureDefinition/implementationguide-page"><valueUri value="CapabilityStatement-IHE.MPD.OrderReceiver.html"/></extension><reference><reference value="CapabilityStatement/IHE.MPD.OrderReceiver"/></reference><name value="IHE MPD Order Receiver (server)"/><description value="The CapabililtyStatement for the [Order Receiver Actor](volume-1.html#141111-Order-placer) expresses the compliance requirements for systems implementing the actor.&#xA;- using FHIR R5&#xA;- using json or xml encoding&#xA; - using conditional update for [ITI-104](ITI-104.html)&#xA; - using conditional delete for [ITI-104](ITI-104.html) if Remove Patient Option is supported&#xA; - provide supported Patient profile for crosss-referencing for [ITI-104](ITI-104.html)&#xA; - should use a security framework. Recommend [ATNA](https://profiles.ihe.net/ITI/TF/Volume1/ch-9.html), encouraged [IHE-IUA](https://profiles.ihe.net/ITI/IUA/index.html) or [SMART-app-launch](http://www.hl7.org/fhir/smart-app-launch/)"/><isExample value="false"/><groupingId value="-dyn-capabilitystatement"/></resource><resource><extension url="http://hl7.org/fhir/tools/StructureDefinition/resource-sort"><valueInteger value="999999999"/></extension><extension url="http://hl7.org/fhir/StructureDefinition/implementationguide-page"><valueUri value="CapabilityStatement-IHE.MPD.OrderResponder.html"/></extension><reference><reference value="CapabilityStatement/IHE.MPD.OrderResponder"/></reference><name value="IHE MPD Order Receiver (server)"/><description value="The CapabililtyStatement for the [Order Receiver Actor](volume-1.html#141111-Order-Responder) expresses the compliance requirements for systems implementing the actor.&#xA;- using FHIR R5&#xA;- using json or xml encoding&#xA; - using conditional update for [ITI-104](ITI-104.html)&#xA; - using conditional delete for [ITI-104](ITI-104.html) if Remove Patient Option is supported&#xA; - provide supported Patient profile for crosss-referencing for [ITI-104](ITI-104.html)&#xA; - should use a security framework. Recommend [ATNA](https://profiles.ihe.net/ITI/TF/Volume1/ch-9.html), encouraged [IHE-IUA](https://profiles.ihe.net/ITI/IUA/index.html) or [SMART-app-launch](http://www.hl7.org/fhir/smart-app-launch/)"/><isExample value="false"/><groupingId value="-dyn-capabilitystatement"/></resource><resource><extension url="http://hl7.org/fhir/tools/StructureDefinition/resource-sort"><valueInteger value="999999999"/></extension><extension url="http://hl7.org/fhir/StructureDefinition/implementationguide-page"><valueUri value="CapabilityStatement-IHE.MPD.OrderFiller.html"/></extension><reference><reference value="CapabilityStatement/IHE.MPD.OrderFiller"/></reference><name value="IHE Pharmacy Order Filler Actor"/><description value="The CapabililtyStatement for the [Order Filler Actor](volume-1.html#141111-Order-Filler) expresses the compliance requirements for systems implementing the actor.&#xA;- using FHIR R5&#xA;- using json or xml encoding&#xA; - using conditional update for [ITI-104](ITI-104.html)&#xA; - using conditional delete for [ITI-104](ITI-104.html) if Remove Patient Option is supported&#xA; - provide supported Patient profile for crosss-referencing for [ITI-104](ITI-104.html)&#xA; - should use a security framework. Recommend [ATNA](https://profiles.ihe.net/ITI/TF/Volume1/ch-9.html), encouraged [IHE-IUA](https://profiles.ihe.net/ITI/IUA/index.html) or [SMART-app-launch](http://www.hl7.org/fhir/smart-app-launch/)"/><isExample value="false"/><groupingId value="-dyn-capabilitystatement"/></resource><resource><extension url="http://hl7.org/fhir/tools/StructureDefinition/resource-sort"><valueInteger value="999999999"/></extension><extension url="http://hl7.org/fhir/StructureDefinition/implementationguide-page"><valueUri value="CapabilityStatement-IHE.MPD.OrderPlacer.html"/></extension><reference><reference value="CapabilityStatement/IHE.MPD.OrderPlacer"/></reference><name value="IHE Pharmacy Order Placer Actor"/><description value="The CapabililtyStatement for the [Order Placer Actor](volume-1.html#141111-Order-placer) expresses the compliance requirements for systems implementing the actor.&#xA;- using FHIR R5&#xA;- using json or xml encoding&#xA; - using conditional update for [ITI-104](ITI-104.html)&#xA; - using conditional delete for [ITI-104](ITI-104.html) if Remove Patient Option is supported&#xA; - provide supported Patient profile for crosss-referencing for [ITI-104](ITI-104.html)&#xA; - should use a security framework. Recommend [ATNA](https://profiles.ihe.net/ITI/TF/Volume1/ch-9.html), encouraged [IHE-IUA](https://profiles.ihe.net/ITI/IUA/index.html) or [SMART-app-launch](http://www.hl7.org/fhir/smart-app-launch/)"/><isExample value="false"/><groupingId value="-dyn-capabilitystatement"/></resource><resource><extension url="http://hl7.org/fhir/tools/StructureDefinition/resource-sort"><valueInteger value="999999999"/></extension><extension url="http://hl7.org/fhir/StructureDefinition/implementationguide-page"><valueUri value="SearchParameter-activity-resource.html"/></extension><reference><reference value="SearchParameter/activity-resource"/></reference><name value="activity-resource"/><description value="Search on the resources that are linked to a RequestOrchestration - important to allow for example _revInclude"/><isExample value="false"/><groupingId value="-dyn-searchparameter"/></resource><resource><extension url="http://hl7.org/fhir/tools/StructureDefinition/resource-sort"><valueInteger value="999999999"/></extension><extension url="http://hl7.org/fhir/StructureDefinition/implementationguide-page"><valueUri value="SearchParameter-group-or-identifier.html"/></extension><reference><reference value="SearchParameter/group-or-identifier"/></reference><name value="group-or-identifier"/><description value="Single search that incides on both request.identifier or groupIdentifier"/><isExample value="false"/><groupingId value="-dyn-searchparameter"/></resource><resource><extension url="http://hl7.org/fhir/tools/StructureDefinition/resource-sort"><valueInteger value="999999999"/></extension><extension url="http://hl7.org/fhir/StructureDefinition/implementationguide-page"><valueUri value="StructureDefinition-DosagingInformation.html"/></extension><reference><reference value="StructureDefinition/DosagingInformation"/></reference><name value="Dosaging (model)"/><description value="Logical model for usage instructions for administring the requested product. Based on FHIR Dosage complex data type."/><isExample value="false"/><groupingId value="-str-logicalmodel"/></resource><resource><extension url="http://hl7.org/fhir/tools/StructureDefinition/resource-sort"><valueInteger value="999999999"/></extension><extension url="http://hl7.org/fhir/StructureDefinition/implementationguide-page"><valueUri value="StructureDefinition-MedicationDispensation.html"/></extension><reference><reference value="StructureDefinition/MedicationDispensation"/></reference><name value="Medication dispensation (model)"/><description value="Logical model for medication dispensation (based on request or independently)"/><isExample value="false"/><groupingId value="-str-logicalmodel"/></resource><resource><extension url="http://hl7.org/fhir/tools/StructureDefinition/resource-sort"><valueInteger value="999999999"/></extension><extension url="http://hl7.org/fhir/StructureDefinition/implementationguide-page"><valueUri value="StructureDefinition-MedicationPrescription.html"/></extension><reference><reference value="StructureDefinition/MedicationPrescription"/></reference><name value="Medication prescription (model)"/><description value="Logical model for medication prescription (or some other form of order)"/><isExample value="false"/><groupingId value="-str-logicalmodel"/></resource><resource><extension url="http://hl7.org/fhir/tools/StructureDefinition/resource-sort"><valueInteger value="999999999"/></extension><extension url="http://hl7.org/fhir/StructureDefinition/implementationguide-page"><valueUri value="StructureDefinition-MedicinalProductLM.html"/></extension><reference><reference value="StructureDefinition/MedicinalProductLM"/></reference><name value="Medicinal product (model)"/><description value="Logical model for prescribed/dispensed medication. The model is shared by statements, requests, dispensations, and treatment lines. Each of those may have different restrictions in FHIR profile."/><isExample value="false"/><groupingId value="-str-logicalmodel"/></resource><resource><extension url="http://hl7.org/fhir/tools/StructureDefinition/resource-sort"><valueInteger value="999999999"/></extension><extension url="http://hl7.org/fhir/StructureDefinition/implementationguide-page"><valueUri value="StructureDefinition-PatientBasic.html"/></extension><reference><reference value="StructureDefinition/PatientBasic"/></reference><name value="Patient (model)"/><description value="Logical model for patient (basic data relevant for this use case)"/><isExample value="false"/><groupingId value="-str-logicalmodel"/></resource><resource><extension url="http://hl7.org/fhir/tools/StructureDefinition/resource-sort"><valueInteger value="999999999"/></extension><extension url="http://hl7.org/fhir/StructureDefinition/implementationguide-page"><valueUri value="StructureDefinition-PractitionerBasic.html"/></extension><reference><reference value="StructureDefinition/PractitionerBasic"/></reference><name value="Practitioner (model)"/><description value="Logical model for practitioner (basic data relevant for this use case)"/><isExample value="false"/><groupingId value="-str-logicalmodel"/></resource><resource><extension url="http://hl7.org/fhir/tools/StructureDefinition/resource-sort"><valueInteger value="999999999"/></extension><extension url="http://hl7.org/fhir/StructureDefinition/implementationguide-page"><valueUri value="StructureDefinition-IHEMedication.html"/></extension><reference><reference value="StructureDefinition/IHEMedication"/></reference><name value="IHE Medication"/><description value="Medication for clinical use cases. This could be a branded product or a generic concept, also allowing describing pack size and components of complex products."/><isExample value="false"/><groupingId value="-str-profile"/></resource><resource><extension url="http://hl7.org/fhir/tools/StructureDefinition/resource-sort"><valueInteger value="999999999"/></extension><extension url="http://hl7.org/fhir/StructureDefinition/implementationguide-page"><valueUri value="StructureDefinition-IHEMedicationPrescription.html"/></extension><reference><reference value="StructureDefinition/IHEMedicationPrescription"/></reference><name value="IHE Medication Prescription"/><description value="IHE Medication Prescription profile"/><isExample value="false"/><groupingId value="-str-profile"/></resource><resource><extension url="http://hl7.org/fhir/tools/StructureDefinition/resource-sort"><valueInteger value="999999999"/></extension><extension url="http://hl7.org/fhir/StructureDefinition/implementationguide-page"><valueUri value="StructureDefinition-IHEMedicationDispensation.html"/></extension><reference><reference value="StructureDefinition/IHEMedicationDispensation"/></reference><name value="IHEMedicationDispensation"/><description value="MedicationDispense profile for capturing dispensation information based on a medication prescription."/><isExample value="false"/><groupingId value="-str-profile"/></resource><resource><extension url="http://hl7.org/fhir/tools/StructureDefinition/resource-sort"><valueInteger value="999999999"/></extension><extension url="http://hl7.org/fhir/StructureDefinition/implementationguide-page"><valueUri value="StructureDefinition-ihe-ext-medication-characteristic.html"/></extension><reference><reference value="StructureDefinition/ihe-ext-medication-characteristic"/></reference><name value="Medication - Characteristic"/><description value="Any characteristic of the medicinal product prescribed or dispensed (for example, price, textual package description, special program information, etc)"/><isExample value="false"/><groupingId value="-str-extension"/></resource><resource><extension url="http://hl7.org/fhir/tools/StructureDefinition/resource-sort"><valueInteger value="999999999"/></extension><extension url="http://hl7.org/fhir/StructureDefinition/implementationguide-page"><valueUri value="StructureDefinition-ihe-ext-medication-classification.html"/></extension><reference><reference value="StructureDefinition/ihe-ext-medication-classification"/></reference><name value="Medication - Classification"/><description value="Medication classification/category. Allows the product to be classified by various systems, e.g ATC, narcotic class, legal status of supply, etc.."/><isExample value="false"/><groupingId value="-str-extension"/></resource><resource><extension url="http://hl7.org/fhir/tools/StructureDefinition/resource-sort"><valueInteger value="999999999"/></extension><extension url="http://hl7.org/fhir/StructureDefinition/implementationguide-page"><valueUri value="StructureDefinition-ihe-ext-medication-device.html"/></extension><reference><reference value="StructureDefinition/ihe-ext-medication-device"/></reference><name value="Medication - Device"/><description value="Device, typically an administration device, included in the medicinal product."/><isExample value="false"/><groupingId value="-str-extension"/></resource><resource><extension url="http://hl7.org/fhir/tools/StructureDefinition/resource-sort"><valueInteger value="999999999"/></extension><extension url="http://hl7.org/fhir/StructureDefinition/implementationguide-page"><valueUri value="StructureDefinition-ihe-ext-medication-productname.html"/></extension><reference><reference value="StructureDefinition/ihe-ext-medication-productname"/></reference><name value="Medication - Product Name"/><description value="Name of the medicinal product. This is typically the name of a real product as registered. This element should not contain display names of virtual product concepts."/><isExample value="false"/><groupingId value="-str-extension"/></resource><resource><extension url="http://hl7.org/fhir/tools/StructureDefinition/resource-sort"><valueInteger value="999999999"/></extension><extension url="http://hl7.org/fhir/StructureDefinition/implementationguide-page"><valueUri value="StructureDefinition-ihe-ext-medication-sizeofitem.html"/></extension><reference><reference value="StructureDefinition/ihe-ext-medication-sizeofitem"/></reference><name value="Medication - Size of Item"/><description value="Size of a manufactured item or unit of presentation. For example, size of one vial in a package that may contain several vials."/><isExample value="false"/><groupingId value="-str-extension"/></resource><resource><extension url="http://hl7.org/fhir/tools/StructureDefinition/resource-sort"><valueInteger value="999999999"/></extension><extension url="http://hl7.org/fhir/StructureDefinition/implementationguide-page"><valueUri value="StructureDefinition-ihe-ext-medication-strengthsubstance.html"/></extension><reference><reference value="StructureDefinition/ihe-ext-medication-strengthsubstance"/></reference><name value="Medication - Strength substance"/><description value="Substance for marking the basis of strength. When the precise active ingredient is a salt, the strength is often provided for the active moiety (basis of strength)."/><isExample value="false"/><groupingId value="-str-extension"/></resource><resource><extension url="http://hl7.org/fhir/tools/StructureDefinition/resource-sort"><valueInteger value="999999999"/></extension><extension url="http://hl7.org/fhir/StructureDefinition/implementationguide-page"><valueUri value="StructureDefinition-ihe-ext-medication-strengthtype.html"/></extension><reference><reference value="StructureDefinition/ihe-ext-medication-strengthtype"/></reference><name value="Medication - Strength type"/><description value="Strength type (e.g. concentration strength, presentation strength)"/><isExample value="false"/><groupingId value="-str-extension"/></resource><resource><extension url="http://hl7.org/fhir/tools/StructureDefinition/resource-sort"><valueInteger value="999999999"/></extension><extension url="http://hl7.org/fhir/StructureDefinition/implementationguide-page"><valueUri value="StructureDefinition-ihe-ext-medication-unitofpresentation.html"/></extension><reference><reference value="StructureDefinition/ihe-ext-medication-unitofpresentation"/></reference><name value="Medication - Unit of presentation"/><description value="Unit of presentation, typically describing the smallest countable package item (e.g tablet, vial, ampoule, etc). Unit of presentation is also often used in describing pack size and the denominator of strength. If the size of presentation unit is relevant, it should be described in sizeOfItem extension."/><isExample value="false"/><groupingId value="-str-extension"/></resource><resource><extension url="http://hl7.org/fhir/tools/StructureDefinition/resource-sort"><valueInteger value="999999999"/></extension><extension url="http://hl7.org/fhir/StructureDefinition/implementationguide-page"><valueUri value="StructureDefinition-ihe-ext-medicationrequest-offlabeluse.html"/></extension><reference><reference value="StructureDefinition/ihe-ext-medicationrequest-offlabeluse"/></reference><name value="MedicationRequest - Off-label use"/><description value="Indicates that the order placer has knowingly prescribed the medication for an indication, age group, dosage, or route of administration that is not approved by the regulatory agencies and is not mentioned in the prescribing information for the product."/><isExample value="false"/><groupingId value="-str-extension"/></resource><resource><extension url="http://hl7.org/fhir/tools/StructureDefinition/resource-sort"><valueInteger value="999999999"/></extension><extension url="http://hl7.org/fhir/StructureDefinition/implementationguide-page"><valueUri value="StructureDefinition-ihe-ext-medicationrequest-prescribedQuantity.html"/></extension><reference><reference value="StructureDefinition/ihe-ext-medicationrequest-prescribedQuantity"/></reference><name value="MedicationRequest - Prescribed Quantity"/><description value="Total amount of product being requested. This may refer to number of packages when package size is indicated in Medication resource."/><isExample value="false"/><groupingId value="-str-extension"/></resource><resource><extension url="http://hl7.org/fhir/tools/StructureDefinition/resource-sort"><valueInteger value="999999999"/></extension><extension url="http://hl7.org/fhir/StructureDefinition/implementationguide-page"><valueUri value="Medication-01A-Cefuroxime1500GenericExplicit.html"/></extension><reference><reference value="Medication/01A-Cefuroxime1500GenericExplicit"/></reference><name value="01A-Cefuroxime1500GenericExplicit"/><description value="1A. Cefuroxime 1500mg (1.5g) powder for solution in a vial. Generic product, defined by attributes."/><isExample value="true"/><profile value="http://profiles.ihe.net/PHARM/ihe.pharm.mpd/StructureDefinition/IHEMedication"/><groupingId value="-ex-example"/></resource><resource><extension url="http://hl7.org/fhir/tools/StructureDefinition/resource-sort"><valueInteger value="999999999"/></extension><extension url="http://hl7.org/fhir/StructureDefinition/implementationguide-page"><valueUri value="Medication-01B-Cefuroxime1500GenericConcept.html"/></extension><reference><reference value="Medication/01B-Cefuroxime1500GenericConcept"/></reference><name value="01B-Cefuroxime1500GenericConcept"/><description value="1B. Cefuroxime 1500mg (1.5g) powder for solution in a vial. Generic product, defined by a code system (receiving system is expected to have access to the code system for additional attributes or display names)."/><isExample value="true"/><profile value="http://profiles.ihe.net/PHARM/ihe.pharm.mpd/StructureDefinition/IHEMedication"/><groupingId value="-ex-example"/></resource><resource><extension url="http://hl7.org/fhir/tools/StructureDefinition/resource-sort"><valueInteger value="999999999"/></extension><extension url="http://hl7.org/fhir/StructureDefinition/implementationguide-page"><valueUri value="Medication-01C-Cefuroxime1500Branded.html"/></extension><reference><reference value="Medication/01C-Cefuroxime1500Branded"/></reference><name value="01C-Cefuroxime1500Branded"/><description value="1C. Cefuroxime 1500mg (1.5g) powder for solution in a vial. Branded packaged product, defined by attributes."/><isExample value="true"/><profile value="http://profiles.ihe.net/PHARM/ihe.pharm.mpd/StructureDefinition/IHEMedication"/><groupingId value="-ex-example"/></resource><resource><extension url="http://hl7.org/fhir/tools/StructureDefinition/resource-sort"><valueInteger value="999999999"/></extension><extension url="http://hl7.org/fhir/StructureDefinition/implementationguide-page"><valueUri value="Medication-01D-Cefuroxime750Branded.html"/></extension><reference><reference value="Medication/01D-Cefuroxime750Branded"/></reference><name value="01D-Cefuroxime750Branded"/><description value="1D. Cefuroxime 750mg powder for solution in a vial (5 vials per package). Branded packaged product, defined by attributes."/><isExample value="true"/><profile value="http://profiles.ihe.net/PHARM/ihe.pharm.mpd/StructureDefinition/IHEMedication"/><groupingId value="-ex-example"/></resource><resource><extension url="http://hl7.org/fhir/tools/StructureDefinition/resource-sort"><valueInteger value="999999999"/></extension><extension url="http://hl7.org/fhir/StructureDefinition/implementationguide-page"><valueUri value="Medication-02A-ClotrimazoleCanifugCremolum.html"/></extension><reference><reference value="Medication/02A-ClotrimazoleCanifugCremolum"/></reference><name value="02A-ClotrimazoleCanifugCremolum"/><description value="2A. Clotrimazole cream 10mg/g and 6 pessaries 100g. Branded packaged product, consisting of different medication items. Defined by attributes."/><isExample value="true"/><profile value="http://profiles.ihe.net/PHARM/ihe.pharm.mpd/StructureDefinition/IHEMedication"/><groupingId value="-ex-example"/></resource><resource><extension url="http://hl7.org/fhir/tools/StructureDefinition/resource-sort"><valueInteger value="999999999"/></extension><extension url="http://hl7.org/fhir/StructureDefinition/implementationguide-page"><valueUri value="Medication-02A1-CanifugCremolumCreamItem.html"/></extension><reference><reference value="Medication/02A1-CanifugCremolumCreamItem"/></reference><name value="02A1-CanifugCremolumCreamItem"/><description value="2A2. Clotrimazole cream (10mg/g, 1 tube of 20g) as part of Canifug Cremolum product (ISO IDMP manufactured item)"/><isExample value="true"/><profile value="http://profiles.ihe.net/PHARM/ihe.pharm.mpd/StructureDefinition/IHEMedication"/><groupingId value="-ex-example"/></resource><resource><extension url="http://hl7.org/fhir/tools/StructureDefinition/resource-sort"><valueInteger value="999999999"/></extension><extension url="http://hl7.org/fhir/StructureDefinition/implementationguide-page"><valueUri value="Medication-02A2-CanifugCremolumPessaryItem.html"/></extension><reference><reference value="Medication/02A2-CanifugCremolumPessaryItem"/></reference><name value="02A2-CanifugCremolumPessaryItem"/><description value="2A1. Clotrimazole pessary (6 pessaries of 100mg) as part of Canifug Cremolum product (ISO IDMP manufactured item)"/><isExample value="true"/><profile value="http://profiles.ihe.net/PHARM/ihe.pharm.mpd/StructureDefinition/IHEMedication"/><groupingId value="-ex-example"/></resource><resource><extension url="http://hl7.org/fhir/tools/StructureDefinition/resource-sort"><valueInteger value="999999999"/></extension><extension url="http://hl7.org/fhir/StructureDefinition/implementationguide-page"><valueUri value="Medication-03B-VitaminBComplexBranded.html"/></extension><reference><reference value="Medication/03B-VitaminBComplexBranded"/></reference><name value="03B-VitaminBComplexBranded"/><description value="3B. Milgamma N, B-vitamin complex. Branded packaged product, defined by attributes."/><isExample value="true"/><profile value="http://profiles.ihe.net/PHARM/ihe.pharm.mpd/StructureDefinition/IHEMedication"/><groupingId value="-ex-example"/></resource><resource><extension url="http://hl7.org/fhir/tools/StructureDefinition/resource-sort"><valueInteger value="999999999"/></extension><extension url="http://hl7.org/fhir/StructureDefinition/implementationguide-page"><valueUri value="Medication-04-FirmagonBranded.html"/></extension><reference><reference value="Medication/04-FirmagonBranded"/></reference><name value="04-FirmagonBranded"/><description value="04. Firmagon. Branded packaged product, defined by attributes, includes administration devices."/><isExample value="true"/><profile value="http://profiles.ihe.net/PHARM/ihe.pharm.mpd/StructureDefinition/IHEMedication"/><groupingId value="-ex-example"/></resource><resource><extension url="http://hl7.org/fhir/tools/StructureDefinition/resource-sort"><valueInteger value="999999999"/></extension><extension url="http://hl7.org/fhir/StructureDefinition/implementationguide-page"><valueUri value="Medication-05A-Tilidin-Branded.html"/></extension><reference><reference value="Medication/05A-Tilidin-Branded"/></reference><name value="05A-Tilidin-Branded"/><description value="05A. Tilidin (50mg), Naloxon (4mg) oral drops. Branded packaged product, defined by attributes. Unusual strength."/><isExample value="true"/><profile value="http://profiles.ihe.net/PHARM/ihe.pharm.mpd/StructureDefinition/IHEMedication"/><groupingId value="-ex-example"/></resource><resource><extension url="http://hl7.org/fhir/tools/StructureDefinition/resource-sort"><valueInteger value="999999999"/></extension><extension url="http://hl7.org/fhir/StructureDefinition/implementationguide-page"><valueUri value="MedicationDispense-10-dispense-1.html"/></extension><reference><reference value="MedicationDispense/10-dispense-1"/></reference><name value="10-dispense-1"/><description value="Medication dispense fulfilling the first part of the order: 1 package containing 10 vials"/><isExample value="true"/><profile value="http://profiles.ihe.net/PHARM/ihe.pharm.mpd/StructureDefinition/IHEMedicationDispensation"/><groupingId value="-ex-example"/></resource><resource><extension url="http://hl7.org/fhir/tools/StructureDefinition/resource-sort"><valueInteger value="999999999"/></extension><extension url="http://hl7.org/fhir/StructureDefinition/implementationguide-page"><valueUri value="MedicationDispense-10-dispense-2.html"/></extension><reference><reference value="MedicationDispense/10-dispense-2"/></reference><name value="10-dispense-2"/><description value="Medication dispense fulfilling the second part of the order: 3 packages containing 5 vials each"/><isExample value="true"/><profile value="http://profiles.ihe.net/PHARM/ihe.pharm.mpd/StructureDefinition/IHEMedicationDispensation"/><groupingId value="-ex-example"/></resource><resource><extension url="http://hl7.org/fhir/tools/StructureDefinition/resource-sort"><valueInteger value="999999999"/></extension><extension url="http://hl7.org/fhir/StructureDefinition/implementationguide-page"><valueUri value="MedicationRequest-10-prescription-cefuroxime-singleline.html"/></extension><reference><reference value="MedicationRequest/10-prescription-cefuroxime-singleline"/></reference><name value="10-prescription-cefuroxime-singleline"/><description value="A prescription/request with one medication and changing dosaging. Uses 'actionable' tag. Cefuroxime sodium."/><isExample value="true"/><profile value="http://profiles.ihe.net/PHARM/ihe.pharm.mpd/StructureDefinition/IHEMedicationPrescription"/><groupingId value="-ex-example"/></resource><resource><extension url="http://hl7.org/fhir/tools/StructureDefinition/resource-sort"><valueInteger value="999999999"/></extension><extension url="http://hl7.org/fhir/StructureDefinition/implementationguide-page"><valueUri value="MedicationRequest-100-3-medication-prescription-request1.html"/></extension><reference><reference value="MedicationRequest/100-3-medication-prescription-request1"/></reference><name value="100-3-medication-prescription-request1"/><description value="A prescription item (MedicationRequest) that is a part of a three-item-prescription (42-day treatment cycle). Generic. Thalidomide 50mgx4 once a day before bed for 42 days."/><isExample value="true"/><profile value="http://profiles.ihe.net/PHARM/ihe.pharm.mpd/StructureDefinition/IHEMedicationPrescription"/><groupingId value="-ex-example"/></resource><resource><extension url="http://hl7.org/fhir/tools/StructureDefinition/resource-sort"><valueInteger value="999999999"/></extension><extension url="http://hl7.org/fhir/StructureDefinition/implementationguide-page"><valueUri value="MedicationRequest-100-3-medication-prescription-request2.html"/></extension><reference><reference value="MedicationRequest/100-3-medication-prescription-request2"/></reference><name value="100-3-medication-prescription-request2"/><description value="A prescription item (MedicationRequest) that is a part of a three-item-prescription (42-day treatment cycle). Generic. Melphalan 2mgx4 once a day for 4 days in the beginning of cycle."/><isExample value="true"/><profile value="http://profiles.ihe.net/PHARM/ihe.pharm.mpd/StructureDefinition/IHEMedicationPrescription"/><groupingId value="-ex-example"/></resource><resource><extension url="http://hl7.org/fhir/tools/StructureDefinition/resource-sort"><valueInteger value="999999999"/></extension><extension url="http://hl7.org/fhir/StructureDefinition/implementationguide-page"><valueUri value="MedicationRequest-100-3-medication-prescription-request3.html"/></extension><reference><reference value="MedicationRequest/100-3-medication-prescription-request3"/></reference><name value="100-3-medication-prescription-request3"/><description value="A prescription item (MedicationRequest) that is a part of a three-item-prescription (42-day treatment cycle). Generic. Prednisone 50mgx3 once a day for 4 days in the beginning of cycle."/><isExample value="true"/><profile value="http://profiles.ihe.net/PHARM/ihe.pharm.mpd/StructureDefinition/IHEMedicationPrescription"/><groupingId value="-ex-example"/></resource><resource><extension url="http://hl7.org/fhir/tools/StructureDefinition/resource-sort"><valueInteger value="999999999"/></extension><extension url="http://hl7.org/fhir/StructureDefinition/implementationguide-page"><valueUri value="RequestOrchestration-100-RequestOrchestration.html"/></extension><reference><reference value="RequestOrchestration/100-RequestOrchestration"/></reference><name value="100-RequestOrchestration"/><description value="RequestOrchestration for the medication to be taken at the same time - in this case start at the same time."/><isExample value="true"/><groupingId value="-ex-example"/></resource><resource><extension url="http://hl7.org/fhir/tools/StructureDefinition/resource-sort"><valueInteger value="999999999"/></extension><extension url="http://hl7.org/fhir/StructureDefinition/implementationguide-page"><valueUri value="Bundle-100-multiitem-prescription-with-orchestration.html"/></extension><reference><reference value="Bundle/100-multiitem-prescription-with-orchestration"/></reference><name value="100-multiitem-prescription-with-orchestration"/><description value="Multiitem prescription with RequestOrchestration. 42-day cycle treatment consisting of three medications that should start at the same time. Wrapped in a Bundle for better readability."/><isExample value="true"/><groupingId value="-ex-example"/></resource><resource><extension url="http://hl7.org/fhir/tools/StructureDefinition/resource-sort"><valueInteger value="999999999"/></extension><extension url="http://hl7.org/fhir/StructureDefinition/implementationguide-page"><valueUri value="Bundle-200-multiitem-prescription-without-orchestration.html"/></extension><reference><reference value="Bundle/200-multiitem-prescription-without-orchestration"/></reference><name value="200-multiitem-prescription-without-orchestration"/><description value="Multiitem prescription where items on the same prescription are not interdependent. Kept together by the same groupIdentifier."/><isExample value="true"/><groupingId value="-ex-example"/></resource><resource><extension url="http://hl7.org/fhir/tools/StructureDefinition/resource-sort"><valueInteger value="999999999"/></extension><extension url="http://hl7.org/fhir/StructureDefinition/implementationguide-page"><valueUri value="MedicationRequest-300-2-medication-prescription-request1.html"/></extension><reference><reference value="MedicationRequest/300-2-medication-prescription-request1"/></reference><name value="300-2-medication-prescription-request1"/><description value="A prescription item (MedicationRequest) that is a part of a three-item-prescription (42-day treatment cycle). Generic. Thalidomide 50mgx4 once a day before bed for 42 days."/><isExample value="true"/><profile value="http://profiles.ihe.net/PHARM/ihe.pharm.mpd/StructureDefinition/IHEMedicationPrescription"/><groupingId value="-ex-example"/></resource><resource><extension url="http://hl7.org/fhir/tools/StructureDefinition/resource-sort"><valueInteger value="999999999"/></extension><extension url="http://hl7.org/fhir/StructureDefinition/implementationguide-page"><valueUri value="MedicationRequest-300-2-medication-prescription-request2.html"/></extension><reference><reference value="MedicationRequest/300-2-medication-prescription-request2"/></reference><name value="300-2-medication-prescription-request2"/><description value="A prescription item (MedicationRequest) that is a part of a three-item-prescription (42-day treatment cycle). Generic. Melphalan 2mgx4 once a day for 4 days in the beginning of cycle."/><isExample value="true"/><profile value="http://profiles.ihe.net/PHARM/ihe.pharm.mpd/StructureDefinition/IHEMedicationPrescription"/><groupingId value="-ex-example"/></resource><resource><extension url="http://hl7.org/fhir/tools/StructureDefinition/resource-sort"><valueInteger value="999999999"/></extension><extension url="http://hl7.org/fhir/StructureDefinition/implementationguide-page"><valueUri value="MedicationDispense-300-dispense-for-2-requests.html"/></extension><reference><reference value="MedicationDispense/300-dispense-for-2-requests"/></reference><name value="300-dispense-for-2-requests"/><description value="Medication dispense dispensing one combination product for two prescribed products (multiitem prescription)"/><isExample value="true"/><profile value="http://profiles.ihe.net/PHARM/ihe.pharm.mpd/StructureDefinition/IHEMedicationDispensation"/><groupingId value="-ex-example"/></resource><resource><extension url="http://hl7.org/fhir/tools/StructureDefinition/resource-sort"><valueInteger value="999999999"/></extension><extension url="http://hl7.org/fhir/StructureDefinition/implementationguide-page"><valueUri value="Bundle-300-multiitem-prescription-with-orchestration.html"/></extension><reference><reference value="Bundle/300-multiitem-prescription-with-orchestration"/></reference><name value="300-multiitem-prescription-with-orchestration"/><description value="Multiitem prescription with RequestOrchestration. 2 products dispensable as 1 multiitem product."/><isExample value="true"/><groupingId value="-ex-example"/></resource><resource><extension url="http://hl7.org/fhir/tools/StructureDefinition/resource-sort"><valueInteger value="999999999"/></extension><extension url="http://hl7.org/fhir/StructureDefinition/implementationguide-page"><valueUri value="MedicationRequest-PrescriptionLine1.html"/></extension><reference><reference value="MedicationRequest/PrescriptionLine1"/></reference><name value="PrescriptionLine1"/><isExample value="true"/><groupingId value="-ex-example"/></resource><resource><extension url="http://hl7.org/fhir/tools/StructureDefinition/resource-sort"><valueInteger value="999999999"/></extension><extension url="http://hl7.org/fhir/StructureDefinition/implementationguide-page"><valueUri value="MedicationRequest-PrescriptionLine2.html"/></extension><reference><reference value="MedicationRequest/PrescriptionLine2"/></reference><name value="PrescriptionLine2"/><isExample value="true"/><groupingId value="-ex-example"/></resource><resource><extension url="http://hl7.org/fhir/tools/StructureDefinition/resource-sort"><valueInteger value="999999999"/></extension><extension url="http://hl7.org/fhir/StructureDefinition/implementationguide-page"><valueUri value="MedicationRequest-PrescriptionLine3.html"/></extension><reference><reference value="MedicationRequest/PrescriptionLine3"/></reference><name value="PrescriptionLine3"/><isExample value="true"/><groupingId value="-ex-example"/></resource><resource><extension url="http://hl7.org/fhir/tools/StructureDefinition/resource-sort"><valueInteger value="999999999"/></extension><extension url="http://hl7.org/fhir/StructureDefinition/implementationguide-page"><valueUri value="MedicationRequest-PrescriptionLine4.html"/></extension><reference><reference value="MedicationRequest/PrescriptionLine4"/></reference><name value="PrescriptionLine4"/><isExample value="true"/><groupingId value="-ex-example"/></resource><resource><extension url="http://hl7.org/fhir/tools/StructureDefinition/resource-sort"><valueInteger value="999999999"/></extension><extension url="http://hl7.org/fhir/StructureDefinition/implementationguide-page"><valueUri value="MedicationRequest-PrescriptionLine5.html"/></extension><reference><reference value="MedicationRequest/PrescriptionLine5"/></reference><name value="PrescriptionLine5"/><isExample value="true"/><groupingId value="-ex-example"/></resource><resource><extension url="http://hl7.org/fhir/tools/StructureDefinition/resource-sort"><valueInteger value="999999999"/></extension><extension url="http://hl7.org/fhir/StructureDefinition/implementationguide-page"><valueUri value="MedicationRequest-PrescriptionLine6.html"/></extension><reference><reference value="MedicationRequest/PrescriptionLine6"/></reference><name value="PrescriptionLine6"/><isExample value="true"/><groupingId value="-ex-example"/></resource><resource><extension url="http://hl7.org/fhir/tools/StructureDefinition/resource-sort"><valueInteger value="999999999"/></extension><extension url="http://hl7.org/fhir/StructureDefinition/implementationguide-page"><valueUri value="MedicationRequest-PrescriptionLine7.html"/></extension><reference><reference value="MedicationRequest/PrescriptionLine7"/></reference><name value="PrescriptionLine7"/><isExample value="true"/><groupingId value="-ex-example"/></resource><resource><extension url="http://hl7.org/fhir/tools/StructureDefinition/resource-sort"><valueInteger value="999999999"/></extension><extension url="http://hl7.org/fhir/StructureDefinition/implementationguide-page"><valueUri value="MedicationRequest-PrescriptionLine8.html"/></extension><reference><reference value="MedicationRequest/PrescriptionLine8"/></reference><name value="PrescriptionLine8"/><isExample value="true"/><groupingId value="-ex-example"/></resource><resource><extension url="http://hl7.org/fhir/tools/StructureDefinition/resource-sort"><valueInteger value="999999999"/></extension><extension url="http://hl7.org/fhir/StructureDefinition/implementationguide-page"><valueUri value="MedicationRequest-PrescriptionLine9.html"/></extension><reference><reference value="MedicationRequest/PrescriptionLine9"/></reference><name value="PrescriptionLine9"/><isExample value="true"/><groupingId value="-ex-example"/></resource><resource><extension url="http://hl7.org/fhir/tools/StructureDefinition/resource-sort"><valueInteger value="999999999"/></extension><extension url="http://hl7.org/fhir/StructureDefinition/implementationguide-page"><valueUri value="RequestOrchestration-RequestOrchestration1.html"/></extension><reference><reference value="RequestOrchestration/RequestOrchestration1"/></reference><name value="RequestOrchestration1"/><isExample value="true"/><groupingId value="-ex-example"/></resource><resource><extension url="http://hl7.org/fhir/tools/StructureDefinition/resource-sort"><valueInteger value="999999999"/></extension><extension url="http://hl7.org/fhir/StructureDefinition/implementationguide-page"><valueUri value="PractitionerRole-doctor1.html"/></extension><reference><reference value="PractitionerRole/doctor1"/></reference><name value="doctor1"/><description value="Dr Meryl Ärztin - clinical oncologist"/><isExample value="true"/><groupingId value="-ex-example"/></resource><resource><extension url="http://hl7.org/fhir/tools/StructureDefinition/resource-sort"><valueInteger value="999999999"/></extension><extension url="http://hl7.org/fhir/StructureDefinition/implementationguide-page"><valueUri value="Organization-organization1.html"/></extension><reference><reference value="Organization/organization1"/></reference><name value="organization1"/><description value="An organization: clinic"/><isExample value="true"/><groupingId value="-ex-example"/></resource><resource><extension url="http://hl7.org/fhir/tools/StructureDefinition/resource-sort"><valueInteger value="999999999"/></extension><extension url="http://hl7.org/fhir/StructureDefinition/implementationguide-page"><valueUri value="Organization-organization2.html"/></extension><reference><reference value="Organization/organization2"/></reference><name value="organization2"/><description value="An organization: pharmacy"/><isExample value="true"/><groupingId value="-ex-example"/></resource><resource><extension url="http://hl7.org/fhir/tools/StructureDefinition/resource-sort"><valueInteger value="999999999"/></extension><extension url="http://hl7.org/fhir/StructureDefinition/implementationguide-page"><valueUri value="Patient-patient1.html"/></extension><reference><reference value="Patient/patient1"/></reference><name value="patient1"/><description value="A patient: Thomas, born 1950"/><isExample value="true"/><groupingId value="-ex-example"/></resource><resource><extension url="http://hl7.org/fhir/tools/StructureDefinition/resource-sort"><valueInteger value="999999999"/></extension><extension url="http://hl7.org/fhir/StructureDefinition/implementationguide-page"><valueUri value="Patient-patient2.html"/></extension><reference><reference value="Patient/patient2"/></reference><name value="patient2"/><description value="A patient: Emily, born 1990"/><isExample value="true"/><groupingId value="-ex-example"/></resource><resource><extension url="http://hl7.org/fhir/tools/StructureDefinition/resource-sort"><valueInteger value="999999999"/></extension><extension url="http://hl7.org/fhir/StructureDefinition/implementationguide-page"><valueUri value="PractitionerRole-pharmacist1.html"/></extension><reference><reference value="PractitionerRole/pharmacist1"/></reference><name value="pharmacist1"/><description value="Mr Moon Farmatseut - pharmacist"/><isExample value="true"/><groupingId value="-ex-example"/></resource><resource><extension url="http://hl7.org/fhir/tools/StructureDefinition/resource-sort"><valueInteger value="999999999"/></extension><extension url="http://hl7.org/fhir/StructureDefinition/implementationguide-page"><valueUri value="Practitioner-practitioner1.html"/></extension><reference><reference value="Practitioner/practitioner1"/></reference><name value="practitioner1"/><description value="Dr Meryl Ärztin"/><isExample value="true"/><groupingId value="-ex-example"/></resource><resource><extension url="http://hl7.org/fhir/tools/StructureDefinition/resource-sort"><valueInteger value="999999999"/></extension><extension url="http://hl7.org/fhir/StructureDefinition/implementationguide-page"><valueUri value="Practitioner-practitioner2.html"/></extension><reference><reference value="Practitioner/practitioner2"/></reference><name value="practitioner2"/><description value="Mr Moon Farmatseut"/><isExample value="true"/><groupingId value="-ex-example"/></resource><page><sourceUrl value="toc.html"/><name value="toc.html"/><title value="Table of Contents"/><generation value="html"/><page><sourceUrl value="index.html"/><name value="index.html"/><title value="IHE MPD (Medication Prescription and Dispense)"/><generation value="markdown"/></page><page><sourceUrl value="howtoread.html"/><name value="howtoread.html"/><title value="How to read this publication"/><generation value="markdown"/></page><page><sourceUrl value="volume-1.html"/><name value="volume-1.html"/><title value="Volume 1"/><generation value="markdown"/><page><sourceUrl value="glossary.html"/><name value="glossary.html"/><title value="Glossary"/><generation value="markdown"/></page><page><sourceUrl value="usecases.html"/><name value="usecases.html"/><title value="Use Cases"/><generation value="markdown"/><page><sourceUrl value="presc-use-case-1.html"/><name value="presc-use-case-1.html"/><title value="Use Case 1: Order straight to dispense"/><generation value="markdown"/></page><page><sourceUrl value="presc-use-case-2.html"/><name value="presc-use-case-2.html"/><title value="Use Case 2: Proposal order"/><generation value="markdown"/></page><page><sourceUrl value="presc-use-case-3.html"/><name value="presc-use-case-3.html"/><title value="Use Case 3: Dispense before prescription"/><generation value="markdown"/></page><page><sourceUrl value="presc-use-case-4.html"/><name value="presc-use-case-4.html"/><title value="Use Case 4: Change dosage during treatment"/><generation value="markdown"/></page></page><page><sourceUrl value="medication-concepts.html"/><name value="medication-concepts.html"/><title value="Medication Concepts"/><generation value="markdown"/></page><page><sourceUrl value="order-management.html"/><name value="order-management.html"/><title value="Order Management"/><generation value="markdown"/><page><sourceUrl value="prescription-lines.html"/><name value="prescription-lines.html"/><title value="Single- and multiline prescriptions"/><generation value="markdown"/></page><page><sourceUrl value="order-statuses.html"/><name value="order-statuses.html"/><title value="Managing order status"/><generation value="markdown"/></page></page><page><sourceUrl value="interoperability-model.html"/><name value="interoperability-model.html"/><title value="Interoperability Model"/><generation value="markdown"/></page><page><sourceUrl value="data-models.html"/><name value="data-models.html"/><title value="Data Models"/><generation value="markdown"/></page><page><sourceUrl value="actors-transactions.html"/><name value="actors-transactions.html"/><title value="Actors and Transactions Overview"/><generation value="markdown"/></page><page><sourceUrl value="security.html"/><name value="security.html"/><title value="Security Considerations"/><generation value="markdown"/></page><page><sourceUrl value="cross-profile.html"/><name value="cross-profile.html"/><title value="Cross-profile Considerations"/><generation value="markdown"/></page></page><page><sourceUrl value="example-architectures.html"/><name value="example-architectures.html"/><title value="Example implementation architectures"/><generation value="markdown"/></page><page><sourceUrl value="volume-2.html"/><name value="volume-2.html"/><title value="Volume 2"/><generation value="markdown"/><page><sourceUrl value="submit-medication-order.html"/><name value="submit-medication-order.html"/><title value="PHARM-X1: Submit Medication Order"/><generation value="markdown"/></page><page><sourceUrl value="retrieve-medication-order.html"/><name value="retrieve-medication-order.html"/><title value="PHARM-X2: Retrieve Medication Orders"/><generation value="markdown"/></page><page><sourceUrl value="submit-medication-dispense.html"/><name value="submit-medication-dispense.html"/><title value="PHARM-X3: Submit Medication Dispense"/><generation value="markdown"/></page><page><sourceUrl value="retrieve-medication-dispense.html"/><name value="retrieve-medication-dispense.html"/><title value="PHARM-X4: Retrieve Medication Dispenses"/><generation value="markdown"/></page><page><sourceUrl value="error_codes.html"/><name value="error_codes.html"/><title value="Error Codes"/><generation value="markdown"/></page><page><sourceUrl value="testplan.html"/><name value="testplan.html"/><title value="Test Plan"/><generation value="markdown"/></page></page><page><sourceUrl value="artifacts.html"/><name value="artifacts.html"/><title value="Artifacts Summary"/><generation value="html"/><page><sourceUrl value="CapabilityStatement-IHE.MPD.OrderReceiver.html"/><name value="CapabilityStatement-IHE.MPD.OrderReceiver.html"/><title value="IHE MPD Order Receiver (server)"/><generation value="generated"/></page><page><sourceUrl value="CapabilityStatement-IHE.MPD.OrderResponder.html"/><name value="CapabilityStatement-IHE.MPD.OrderResponder.html"/><title value="IHE MPD Order Receiver (server)"/><generation value="generated"/></page><page><sourceUrl value="CapabilityStatement-IHE.MPD.OrderFiller.html"/><name value="CapabilityStatement-IHE.MPD.OrderFiller.html"/><title value="IHE Pharmacy Order Filler Actor"/><generation value="generated"/></page><page><sourceUrl value="CapabilityStatement-IHE.MPD.OrderPlacer.html"/><name value="CapabilityStatement-IHE.MPD.OrderPlacer.html"/><title value="IHE Pharmacy Order Placer Actor"/><generation value="generated"/></page><page><sourceUrl value="SearchParameter-activity-resource.html"/><name value="SearchParameter-activity-resource.html"/><title value="activity-resource"/><generation value="generated"/></page><page><sourceUrl value="SearchParameter-group-or-identifier.html"/><name value="SearchParameter-group-or-identifier.html"/><title value="group-or-identifier"/><generation value="generated"/></page><page><sourceUrl value="StructureDefinition-DosagingInformation.html"/><name value="StructureDefinition-DosagingInformation.html"/><title value="Dosaging (model)"/><generation value="generated"/></page><page><sourceUrl value="StructureDefinition-MedicationDispensation.html"/><name value="StructureDefinition-MedicationDispensation.html"/><title value="Medication dispensation (model)"/><generation value="generated"/></page><page><sourceUrl value="StructureDefinition-MedicationPrescription.html"/><name value="StructureDefinition-MedicationPrescription.html"/><title value="Medication prescription (model)"/><generation value="generated"/></page><page><sourceUrl value="StructureDefinition-MedicinalProductLM.html"/><name value="StructureDefinition-MedicinalProductLM.html"/><title value="Medicinal product (model)"/><generation value="generated"/></page><page><sourceUrl value="StructureDefinition-PatientBasic.html"/><name value="StructureDefinition-PatientBasic.html"/><title value="Patient (model)"/><generation value="generated"/></page><page><sourceUrl value="StructureDefinition-PractitionerBasic.html"/><name value="StructureDefinition-PractitionerBasic.html"/><title value="Practitioner (model)"/><generation value="generated"/></page><page><sourceUrl value="StructureDefinition-IHEMedication.html"/><name value="StructureDefinition-IHEMedication.html"/><title value="IHE Medication"/><generation value="generated"/></page><page><sourceUrl value="StructureDefinition-IHEMedicationPrescription.html"/><name value="StructureDefinition-IHEMedicationPrescription.html"/><title value="IHE Medication Prescription"/><generation value="generated"/></page><page><sourceUrl value="StructureDefinition-IHEMedicationDispensation.html"/><name value="StructureDefinition-IHEMedicationDispensation.html"/><title value="IHEMedicationDispensation"/><generation value="generated"/></page><page><sourceUrl value="StructureDefinition-ihe-ext-medication-characteristic.html"/><name value="StructureDefinition-ihe-ext-medication-characteristic.html"/><title value="Medication - Characteristic"/><generation value="generated"/></page><page><sourceUrl value="StructureDefinition-ihe-ext-medication-classification.html"/><name value="StructureDefinition-ihe-ext-medication-classification.html"/><title value="Medication - Classification"/><generation value="generated"/></page><page><sourceUrl value="StructureDefinition-ihe-ext-medication-device.html"/><name value="StructureDefinition-ihe-ext-medication-device.html"/><title value="Medication - Device"/><generation value="generated"/></page><page><sourceUrl value="StructureDefinition-ihe-ext-medication-productname.html"/><name value="StructureDefinition-ihe-ext-medication-productname.html"/><title value="Medication - Product Name"/><generation value="generated"/></page><page><sourceUrl value="StructureDefinition-ihe-ext-medication-sizeofitem.html"/><name value="StructureDefinition-ihe-ext-medication-sizeofitem.html"/><title value="Medication - Size of Item"/><generation value="generated"/></page><page><sourceUrl value="StructureDefinition-ihe-ext-medication-strengthsubstance.html"/><name value="StructureDefinition-ihe-ext-medication-strengthsubstance.html"/><title value="Medication - Strength substance"/><generation value="generated"/></page><page><sourceUrl value="StructureDefinition-ihe-ext-medication-strengthtype.html"/><name value="StructureDefinition-ihe-ext-medication-strengthtype.html"/><title value="Medication - Strength type"/><generation value="generated"/></page><page><sourceUrl value="StructureDefinition-ihe-ext-medication-unitofpresentation.html"/><name value="StructureDefinition-ihe-ext-medication-unitofpresentation.html"/><title value="Medication - Unit of presentation"/><generation value="generated"/></page><page><sourceUrl value="StructureDefinition-ihe-ext-medicationrequest-offlabeluse.html"/><name value="StructureDefinition-ihe-ext-medicationrequest-offlabeluse.html"/><title value="MedicationRequest - Off-label use"/><generation value="generated"/></page><page><sourceUrl value="StructureDefinition-ihe-ext-medicationrequest-prescribedQuantity.html"/><name value="StructureDefinition-ihe-ext-medicationrequest-prescribedQuantity.html"/><title value="MedicationRequest - Prescribed Quantity"/><generation value="generated"/></page><page><sourceUrl value="Medication-01A-Cefuroxime1500GenericExplicit.html"/><name value="Medication-01A-Cefuroxime1500GenericExplicit.html"/><title value="01A-Cefuroxime1500GenericExplicit"/><generation value="generated"/></page><page><sourceUrl value="Medication-01B-Cefuroxime1500GenericConcept.html"/><name value="Medication-01B-Cefuroxime1500GenericConcept.html"/><title value="01B-Cefuroxime1500GenericConcept"/><generation value="generated"/></page><page><sourceUrl value="Medication-01C-Cefuroxime1500Branded.html"/><name value="Medication-01C-Cefuroxime1500Branded.html"/><title value="01C-Cefuroxime1500Branded"/><generation value="generated"/></page><page><sourceUrl value="Medication-01D-Cefuroxime750Branded.html"/><name value="Medication-01D-Cefuroxime750Branded.html"/><title value="01D-Cefuroxime750Branded"/><generation value="generated"/></page><page><sourceUrl value="Medication-02A-ClotrimazoleCanifugCremolum.html"/><name value="Medication-02A-ClotrimazoleCanifugCremolum.html"/><title value="02A-ClotrimazoleCanifugCremolum"/><generation value="generated"/></page><page><sourceUrl value="Medication-02A1-CanifugCremolumCreamItem.html"/><name value="Medication-02A1-CanifugCremolumCreamItem.html"/><title value="02A1-CanifugCremolumCreamItem"/><generation value="generated"/></page><page><sourceUrl value="Medication-02A2-CanifugCremolumPessaryItem.html"/><name value="Medication-02A2-CanifugCremolumPessaryItem.html"/><title value="02A2-CanifugCremolumPessaryItem"/><generation value="generated"/></page><page><sourceUrl value="Medication-03B-VitaminBComplexBranded.html"/><name value="Medication-03B-VitaminBComplexBranded.html"/><title value="03B-VitaminBComplexBranded"/><generation value="generated"/></page><page><sourceUrl value="Medication-04-FirmagonBranded.html"/><name value="Medication-04-FirmagonBranded.html"/><title value="04-FirmagonBranded"/><generation value="generated"/></page><page><sourceUrl value="Medication-05A-Tilidin-Branded.html"/><name value="Medication-05A-Tilidin-Branded.html"/><title value="05A-Tilidin-Branded"/><generation value="generated"/></page><page><sourceUrl value="MedicationDispense-10-dispense-1.html"/><name value="MedicationDispense-10-dispense-1.html"/><title value="10-dispense-1"/><generation value="generated"/></page><page><sourceUrl value="MedicationDispense-10-dispense-2.html"/><name value="MedicationDispense-10-dispense-2.html"/><title value="10-dispense-2"/><generation value="generated"/></page><page><sourceUrl value="MedicationRequest-10-prescription-cefuroxime-singleline.html"/><name value="MedicationRequest-10-prescription-cefuroxime-singleline.html"/><title value="10-prescription-cefuroxime-singleline"/><generation value="generated"/></page><page><sourceUrl value="MedicationRequest-100-3-medication-prescription-request1.html"/><name value="MedicationRequest-100-3-medication-prescription-request1.html"/><title value="100-3-medication-prescription-request1"/><generation value="generated"/></page><page><sourceUrl value="MedicationRequest-100-3-medication-prescription-request2.html"/><name value="MedicationRequest-100-3-medication-prescription-request2.html"/><title value="100-3-medication-prescription-request2"/><generation value="generated"/></page><page><sourceUrl value="MedicationRequest-100-3-medication-prescription-request3.html"/><name value="MedicationRequest-100-3-medication-prescription-request3.html"/><title value="100-3-medication-prescription-request3"/><generation value="generated"/></page><page><sourceUrl value="Bundle-100-multiitem-prescription-with-orchestration.html"/><name value="Bundle-100-multiitem-prescription-with-orchestration.html"/><title value="100-multiitem-prescription-with-orchestration"/><generation value="generated"/></page><page><sourceUrl value="RequestOrchestration-100-RequestOrchestration.html"/><name value="RequestOrchestration-100-RequestOrchestration.html"/><title value="100-RequestOrchestration"/><generation value="generated"/></page><page><sourceUrl value="Bundle-200-multiitem-prescription-without-orchestration.html"/><name value="Bundle-200-multiitem-prescription-without-orchestration.html"/><title value="200-multiitem-prescription-without-orchestration"/><generation value="generated"/></page><page><sourceUrl value="MedicationRequest-300-2-medication-prescription-request1.html"/><name value="MedicationRequest-300-2-medication-prescription-request1.html"/><title value="300-2-medication-prescription-request1"/><generation value="generated"/></page><page><sourceUrl value="MedicationRequest-300-2-medication-prescription-request2.html"/><name value="MedicationRequest-300-2-medication-prescription-request2.html"/><title value="300-2-medication-prescription-request2"/><generation value="generated"/></page><page><sourceUrl value="MedicationDispense-300-dispense-for-2-requests.html"/><name value="MedicationDispense-300-dispense-for-2-requests.html"/><title value="300-dispense-for-2-requests"/><generation value="generated"/></page><page><sourceUrl value="Bundle-300-multiitem-prescription-with-orchestration.html"/><name value="Bundle-300-multiitem-prescription-with-orchestration.html"/><title value="300-multiitem-prescription-with-orchestration"/><generation value="generated"/></page><page><sourceUrl value="PractitionerRole-doctor1.html"/><name value="PractitionerRole-doctor1.html"/><title value="doctor1"/><generation value="generated"/></page><page><sourceUrl value="Organization-organization1.html"/><name value="Organization-organization1.html"/><title value="organization1"/><generation value="generated"/></page><page><sourceUrl value="Organization-organization2.html"/><name value="Organization-organization2.html"/><title value="organization2"/><generation value="generated"/></page><page><sourceUrl value="Patient-patient1.html"/><name value="Patient-patient1.html"/><title value="patient1"/><generation value="generated"/></page><page><sourceUrl value="Patient-patient2.html"/><name value="Patient-patient2.html"/><title value="patient2"/><generation value="generated"/></page><page><sourceUrl value="PractitionerRole-pharmacist1.html"/><name value="PractitionerRole-pharmacist1.html"/><title value="pharmacist1"/><generation value="generated"/></page><page><sourceUrl value="Practitioner-practitioner1.html"/><name value="Practitioner-practitioner1.html"/><title value="practitioner1"/><generation value="generated"/></page><page><sourceUrl value="Practitioner-practitioner2.html"/><name value="Practitioner-practitioner2.html"/><title value="practitioner2"/><generation value="generated"/></page><page><sourceUrl value="MedicationRequest-PrescriptionLine1.html"/><name value="MedicationRequest-PrescriptionLine1.html"/><title value="PrescriptionLine1"/><generation value="generated"/></page><page><sourceUrl value="MedicationRequest-PrescriptionLine2.html"/><name value="MedicationRequest-PrescriptionLine2.html"/><title value="PrescriptionLine2"/><generation value="generated"/></page><page><sourceUrl value="MedicationRequest-PrescriptionLine3.html"/><name value="MedicationRequest-PrescriptionLine3.html"/><title value="PrescriptionLine3"/><generation value="generated"/></page><page><sourceUrl value="MedicationRequest-PrescriptionLine4.html"/><name value="MedicationRequest-PrescriptionLine4.html"/><title value="PrescriptionLine4"/><generation value="generated"/></page><page><sourceUrl value="MedicationRequest-PrescriptionLine5.html"/><name value="MedicationRequest-PrescriptionLine5.html"/><title value="PrescriptionLine5"/><generation value="generated"/></page><page><sourceUrl value="MedicationRequest-PrescriptionLine6.html"/><name value="MedicationRequest-PrescriptionLine6.html"/><title value="PrescriptionLine6"/><generation value="generated"/></page><page><sourceUrl value="MedicationRequest-PrescriptionLine7.html"/><name value="MedicationRequest-PrescriptionLine7.html"/><title value="PrescriptionLine7"/><generation value="generated"/></page><page><sourceUrl value="MedicationRequest-PrescriptionLine8.html"/><name value="MedicationRequest-PrescriptionLine8.html"/><title value="PrescriptionLine8"/><generation value="generated"/></page><page><sourceUrl value="MedicationRequest-PrescriptionLine9.html"/><name value="MedicationRequest-PrescriptionLine9.html"/><title value="PrescriptionLine9"/><generation value="generated"/></page><page><sourceUrl value="RequestOrchestration-RequestOrchestration1.html"/><name value="RequestOrchestration-RequestOrchestration1.html"/><title value="RequestOrchestration1"/><generation value="generated"/></page></page></page><parameter><code><system value="http://hl7.org/fhir/tools/CodeSystem/ig-parameters"/><code value="copyrightyear"/></code><value value="2021+"/></parameter><parameter><code><system value="http://hl7.org/fhir/tools/CodeSystem/ig-parameters"/><code value="releaselabel"/></code><value value="ci-build"/></parameter><parameter><code><system value="http://hl7.org/fhir/guide-parameter-code"/><code value="path-resource"/></code><value value="input/resources"/></parameter><parameter><code><system value="http://hl7.org/fhir/guide-parameter-code"/><code value="path-resource"/></code><value value="fsh-generated/resources"/></parameter><parameter><code><system value="http://hl7.org/fhir/guide-parameter-code"/><code value="path-resource"/></code><value value="input/examples"/></parameter><parameter><code><system value="http://hl7.org/fhir/guide-parameter-code"/><code value="path-pages"/></code><value value="input/pagecontent"/></parameter><parameter><code><system value="http://hl7.org/fhir/guide-parameter-code"/><code value="path-pages"/></code><value value="fsh-generated/includes"/></parameter><parameter><code><system value="http://hl7.org/fhir/tools/CodeSystem/ig-parameters"/><code value="apply-contact"/></code><value value="true"/></parameter><parameter><code><system value="http://hl7.org/fhir/tools/CodeSystem/ig-parameters"/><code value="apply-jurisdiction"/></code><value value="true"/></parameter><parameter><code><system value="http://hl7.org/fhir/tools/CodeSystem/ig-parameters"/><code value="apply-version"/></code><value value="true"/></parameter><parameter><code><system value="http://hl7.org/fhir/tools/CodeSystem/ig-parameters"/><code value="usage-stats-opt-out"/></code><value value="true"/></parameter><parameter><code><system value="http://hl7.org/fhir/tools/CodeSystem/ig-parameters"/><code value="autoload-resources"/></code><value value="true"/></parameter><parameter><code><system value="http://hl7.org/fhir/guide-parameter-code"/><code value="path-resource"/></code><value value="input/capabilities"/></parameter><parameter><code><system value="http://hl7.org/fhir/guide-parameter-code"/><code value="path-resource"/></code><value value="input/extensions"/></parameter><parameter><code><system value="http://hl7.org/fhir/guide-parameter-code"/><code value="path-resource"/></code><value value="input/models"/></parameter><parameter><code><system value="http://hl7.org/fhir/guide-parameter-code"/><code value="path-resource"/></code><value value="input/operations"/></parameter><parameter><code><system value="http://hl7.org/fhir/guide-parameter-code"/><code value="path-resource"/></code><value value="input/profiles"/></parameter><parameter><code><system value="http://hl7.org/fhir/guide-parameter-code"/><code value="path-resource"/></code><value value="input/vocabulary"/></parameter><parameter><code><system value="http://hl7.org/fhir/guide-parameter-code"/><code value="path-resource"/></code><value value="input/testing"/></parameter><parameter><code><system value="http://hl7.org/fhir/guide-parameter-code"/><code value="path-resource"/></code><value value="input/history"/></parameter><parameter><code><system value="http://hl7.org/fhir/guide-parameter-code"/><code value="path-pages"/></code><value value="template/config"/></parameter><parameter><code><system value="http://hl7.org/fhir/guide-parameter-code"/><code value="path-pages"/></code><value value="input/images"/></parameter><parameter><code><system value="http://hl7.org/fhir/tools/CodeSystem/ig-parameters"/><code value="path-liquid"/></code><value value="template/liquid"/></parameter><parameter><code><system value="http://hl7.org/fhir/tools/CodeSystem/ig-parameters"/><code value="path-liquid"/></code><value value="input/liquid"/></parameter><parameter><code><system value="http://hl7.org/fhir/tools/CodeSystem/ig-parameters"/><code value="path-qa"/></code><value value="temp/qa"/></parameter><parameter><code><system value="http://hl7.org/fhir/tools/CodeSystem/ig-parameters"/><code value="path-temp"/></code><value value="temp/pages"/></parameter><parameter><code><system value="http://hl7.org/fhir/tools/CodeSystem/ig-parameters"/><code value="path-output"/></code><value value="output"/></parameter><parameter><code><system value="http://hl7.org/fhir/guide-parameter-code"/><code value="path-tx-cache"/></code><value value="input-cache/txcache"/></parameter><parameter><code><system value="http://hl7.org/fhir/tools/CodeSystem/ig-parameters"/><code value="path-suppressed-warnings"/></code><value value="input/ignoreWarnings.txt"/></parameter><parameter><code><system value="http://hl7.org/fhir/tools/CodeSystem/ig-parameters"/><code value="path-history"/></code><value value="http://profiles.ihe.net/PHARM/ihe.pharm.mpd/history.html"/></parameter><parameter><code><system value="http://hl7.org/fhir/tools/CodeSystem/ig-parameters"/><code value="template-html"/></code><value value="template-page.html"/></parameter><parameter><code><system value="http://hl7.org/fhir/tools/CodeSystem/ig-parameters"/><code value="template-md"/></code><value value="template-page-md.html"/></parameter><parameter><code><system value="http://hl7.org/fhir/tools/CodeSystem/ig-parameters"/><code value="apply-context"/></code><value value="true"/></parameter><parameter><code><system value="http://hl7.org/fhir/tools/CodeSystem/ig-parameters"/><code value="apply-copyright"/></code><value value="true"/></parameter><parameter><code><system value="http://hl7.org/fhir/tools/CodeSystem/ig-parameters"/><code value="apply-license"/></code><value value="true"/></parameter><parameter><code><system value="http://hl7.org/fhir/tools/CodeSystem/ig-parameters"/><code value="apply-publisher"/></code><value value="true"/></parameter><parameter><code><system value="http://hl7.org/fhir/tools/CodeSystem/ig-parameters"/><code value="apply-wg"/></code><value value="true"/></parameter><parameter><code><system value="http://hl7.org/fhir/tools/CodeSystem/ig-parameters"/><code value="active-tables"/></code><value value="true"/></parameter><parameter><code><system value="http://hl7.org/fhir/tools/CodeSystem/ig-parameters"/><code value="fmm-definition"/></code><value value="http://hl7.org/fhir/versions.html#maturity"/></parameter><parameter><code><system value="http://hl7.org/fhir/tools/CodeSystem/ig-parameters"/><code value="propagate-status"/></code><value value="true"/></parameter><parameter><code><system value="http://hl7.org/fhir/tools/CodeSystem/ig-parameters"/><code value="excludelogbinaryformat"/></code><value value="true"/></parameter><parameter><code><system value="http://hl7.org/fhir/tools/CodeSystem/ig-parameters"/><code value="tabbed-snapshots"/></code><value value="true"/></parameter></definition></ImplementationGuide>