{
  "package": "ihe.pharm.mpd",
  "version": "1.0.0-comment",
  "fhirVersion": "5.0.0",
  "jurisdiction": "001",
  "extensions": [
    {
      "url": "https://profiles.ihe.net/PHARM/MPD/StructureDefinition/ihe-ext-medication-characteristic",
      "title": "Medication - Characteristic",
      "types": [
        "CodeableConcept",
        "boolean",
        "dateTime",
        "decimal",
        "integer",
        "string",
        "CodeableConcept",
        "Quantity",
        "Ratio",
        "base64Binary",
        "boolean",
        "canonical",
        "code",
        "date",
        "dateTime",
        "decimal",
        "id",
        "instant",
        "integer",
        "integer64",
        "markdown",
        "oid",
        "positiveInt",
        "string",
        "time",
        "unsignedInt",
        "uri",
        "url",
        "uuid",
        "Address",
        "Age",
        "Annotation",
        "Attachment",
        "CodeableConcept",
        "CodeableReference",
        "Coding",
        "ContactPoint",
        "Count",
        "Distance",
        "Duration",
        "HumanName",
        "Identifier",
        "Money",
        "Period",
        "Quantity",
        "Range",
        "Ratio",
        "RatioRange",
        "Reference",
        "SampledData",
        "Signature",
        "Timing",
        "ContactDetail",
        "DataRequirement",
        "Expression",
        "ParameterDefinition",
        "RelatedArtifact",
        "TriggerDefinition",
        "UsageContext",
        "Availability",
        "ExtendedContactDetail",
        "Dosage",
        "Meta"
      ]
    },
    {
      "url": "https://profiles.ihe.net/PHARM/MPD/StructureDefinition/ihe-ext-medication-classification",
      "title": "Medication - Classification",
      "types": [
        "CodeableConcept"
      ]
    },
    {
      "url": "https://profiles.ihe.net/PHARM/MPD/StructureDefinition/ihe-ext-medication-device",
      "title": "Medication - Device",
      "types": [
        "CodeableConcept",
        "Quantity",
        "base64Binary",
        "boolean",
        "canonical",
        "code",
        "date",
        "dateTime",
        "decimal",
        "id",
        "instant",
        "integer",
        "integer64",
        "markdown",
        "oid",
        "positiveInt",
        "string",
        "time",
        "unsignedInt",
        "uri",
        "url",
        "uuid",
        "Address",
        "Age",
        "Annotation",
        "Attachment",
        "CodeableConcept",
        "CodeableReference",
        "Coding",
        "ContactPoint",
        "Count",
        "Distance",
        "Duration",
        "HumanName",
        "Identifier",
        "Money",
        "Period",
        "Quantity",
        "Range",
        "Ratio",
        "RatioRange",
        "Reference",
        "SampledData",
        "Signature",
        "Timing",
        "ContactDetail",
        "DataRequirement",
        "Expression",
        "ParameterDefinition",
        "RelatedArtifact",
        "TriggerDefinition",
        "UsageContext",
        "Availability",
        "ExtendedContactDetail",
        "Dosage",
        "Meta"
      ]
    },
    {
      "url": "https://profiles.ihe.net/PHARM/MPD/StructureDefinition/ihe-ext-medication-ingredient-role",
      "title": "Medication - Ingreditne role",
      "types": [
        "CodeableConcept"
      ]
    },
    {
      "url": "https://profiles.ihe.net/PHARM/MPD/StructureDefinition/ihe-ext-medication-productname",
      "title": "Medication - Product Name",
      "types": [
        "string"
      ]
    },
    {
      "url": "https://profiles.ihe.net/PHARM/MPD/StructureDefinition/ihe-ext-medication-sizeofitem",
      "title": "Medication - Size of Item",
      "types": [
        "Quantity"
      ]
    },
    {
      "url": "https://profiles.ihe.net/PHARM/MPD/StructureDefinition/ihe-ext-medication-strengthsubstance",
      "title": "Medication - Strength substance",
      "types": [
        "CodeableConcept"
      ]
    },
    {
      "url": "https://profiles.ihe.net/PHARM/MPD/StructureDefinition/ihe-ext-medication-strengthtype",
      "title": "Medication - Strength type",
      "types": [
        "CodeableConcept"
      ]
    },
    {
      "url": "https://profiles.ihe.net/PHARM/MPD/StructureDefinition/ihe-ext-medication-unitofpresentation",
      "title": "Medication - Unit of presentation",
      "types": [
        "CodeableConcept"
      ]
    },
    {
      "url": "https://profiles.ihe.net/PHARM/MPD/StructureDefinition/ihe-ext-medicationrequest-prescribedQuantity",
      "title": "MedicationRequest - Prescribed Quantity",
      "types": [
        "Quantity"
      ]
    },
    {
      "url": "https://profiles.ihe.net/PHARM/MPD/StructureDefinition/ihe-ext-offLabel",
      "title": "Off-label use",
      "types": [
        "boolean",
        "CodeableConcept",
        "base64Binary",
        "boolean",
        "canonical",
        "code",
        "date",
        "dateTime",
        "decimal",
        "id",
        "instant",
        "integer",
        "integer64",
        "markdown",
        "oid",
        "positiveInt",
        "string",
        "time",
        "unsignedInt",
        "uri",
        "url",
        "uuid",
        "Address",
        "Age",
        "Annotation",
        "Attachment",
        "CodeableConcept",
        "CodeableReference",
        "Coding",
        "ContactPoint",
        "Count",
        "Distance",
        "Duration",
        "HumanName",
        "Identifier",
        "Money",
        "Period",
        "Quantity",
        "Range",
        "Ratio",
        "RatioRange",
        "Reference",
        "SampledData",
        "Signature",
        "Timing",
        "ContactDetail",
        "DataRequirement",
        "Expression",
        "ParameterDefinition",
        "RelatedArtifact",
        "TriggerDefinition",
        "UsageContext",
        "Availability",
        "ExtendedContactDetail",
        "Dosage",
        "Meta"
      ]
    }
  ],
  "profiles": {
    "Medication": [
      {
        "url": "https://profiles.ihe.net/PHARM/MPD/StructureDefinition/IHEMedication",
        "title": "IHE Medication"
      }
    ],
    "MedicationDispense": [
      {
        "url": "https://profiles.ihe.net/PHARM/MPD/StructureDefinition/IHEMedicationDispense",
        "title": "IHE Medication Dispense"
      }
    ],
    "MedicationRequest": [
      {
        "url": "https://profiles.ihe.net/PHARM/MPD/StructureDefinition/IHEMedicationOrder",
        "title": "IHE Medication Order"
      }
    ]
  },
  "usage": {
    "http://hl7.org/fhir/StructureDefinition/elementdefinition-bestpractice": [
      "StructureDefinition.snapshot.element.constraint"
    ],
    "http://hl7.org/fhir/StructureDefinition/elementdefinition-bestpractice-explanation": [
      "StructureDefinition.snapshot.element.constraint"
    ],
    "http://hl7.org/fhir/StructureDefinition/elementdefinition-bindingName": [
      "StructureDefinition.snapshot.element.binding"
    ],
    "http://hl7.org/fhir/StructureDefinition/structuredefinition-fhir-type": [
      "StructureDefinition.snapshot.element.type"
    ],
    "http://hl7.org/fhir/StructureDefinition/structuredefinition-type-characteristics": [
      "StructureDefinition"
    ],
    "http://hl7.org/fhir/tools/StructureDefinition/ig-internal-dependency": [
      "ImplementationGuide.definition"
    ],
    "http://hl7.org/fhir/tools/StructureDefinition/implementationguide-dependency-comment": [
      "ImplementationGuide.dependsOn"
    ],
    "http://hl7.org/fhir/tools/StructureDefinition/logical-target": [
      "StructureDefinition"
    ],
    "http://hl7.org/fhir/tools/StructureDefinition/resource-information": [
      "ImplementationGuide.definition.resource"
    ],
    "http://hl7.org/fhir/tools/StructureDefinition/snapshot-base-version": [
      "StructureDefinition.snapshot"
    ],
    "https://profiles.ihe.net/PHARM/MPD/StructureDefinition/ihe-ext-medication-characteristic": [
      "Medication"
    ],
    "https://profiles.ihe.net/PHARM/MPD/StructureDefinition/ihe-ext-medication-classification": [
      "Medication"
    ],
    "https://profiles.ihe.net/PHARM/MPD/StructureDefinition/ihe-ext-medication-device": [
      "Medication"
    ],
    "https://profiles.ihe.net/PHARM/MPD/StructureDefinition/ihe-ext-medication-ingredient-role": [
      "Medication.ingredient"
    ],
    "https://profiles.ihe.net/PHARM/MPD/StructureDefinition/ihe-ext-medication-productname": [
      "Medication"
    ],
    "https://profiles.ihe.net/PHARM/MPD/StructureDefinition/ihe-ext-medication-sizeofitem": [
      "Medication"
    ],
    "https://profiles.ihe.net/PHARM/MPD/StructureDefinition/ihe-ext-medication-strengthsubstance": [
      "Medication.ingredient.strengthRatio",
      "Medication.ingredient.strength[x]"
    ],
    "https://profiles.ihe.net/PHARM/MPD/StructureDefinition/ihe-ext-medication-strengthtype": [
      "Medication.ingredient.strength[x]"
    ],
    "https://profiles.ihe.net/PHARM/MPD/StructureDefinition/ihe-ext-medication-unitofpresentation": [
      "Medication"
    ],
    "https://profiles.ihe.net/PHARM/MPD/StructureDefinition/ihe-ext-medicationrequest-prescribedQuantity": [
      "MedicationRequest.dispenseRequest"
    ],
    "https://profiles.ihe.net/PHARM/MPD/StructureDefinition/ihe-ext-offLabel": [
      "MedicationRequest"
    ]
  }
}