{"resourceType":"ActorDefinition","id":"IHE.MPD.DispenseConsumer","text":{"status":"generated","div":"<div xmlns=\"http://www.w3.org/1999/xhtml\"><p class=\"res-header-id\"><b>Generated Narrative: ActorDefinition IHE.MPD.DispenseConsumer</b></p><a name=\"IHE.MPD.DispenseConsumer\"> </a><a name=\"hcIHE.MPD.DispenseConsumer\"> </a><a name=\"IHE.MPD.DispenseConsumer-en-US\"> </a><table class=\"grid\"><tr><td><b>Actor: IHEMPDDispenseConsumer </b></td><td>IHE MPD Dispense Consumer</td><td>Type: system </td></tr><tr><td colspan=\"3\"/></tr><tr><td>Capabilities:</td><td colspan=\"2\"><a href=\"CapabilityStatement-IHE.MPD.DispenseConsumerCS.html\">IHE MPD Dispense Consumer Actor</a></td></tr></table></div>"},"url":"http://profiles.ihe.net/PHARM/MPD/ActorDefinition/IHE.MPD.DispenseConsumer","version":"0.1.0","name":"IHEMPDDispenseConsumer","title":"IHE MPD Dispense Consumer","status":"active","experimental":false,"date":"2024-07-08T16:49:44+00:00","publisher":"Integrating the Healthcare Enterprise (IHE)","contact":[{"name":"Integrating the Healthcare Enterprise (IHE)","telecom":[{"system":"url","value":"http://ihe.net"},{"system":"email","value":"secretary@ihe.net"}]},{"name":"Jose Costa Teixeira","telecom":[{"system":"email","value":"jose.a.teixeira@gmail.com","use":"work"}]}],"description":"The Dispense Consumer retrieves dispense records from the Dispense Responder.","jurisdiction":[{"coding":[{"system":"http://unstats.un.org/unsd/methods/m49/m49.htm","code":"001"}]}],"copyright":"IHE http://www.ihe.net/Governance/#Intellectual_Property","type":"system","capabilities":"http://profiles.ihe.net/PHARM/MPD/CapabilityStatement/IHE.MPD.DispenseConsumerCS"}