{"resourceType":"CapabilityStatement","id":"IHE.MPD.DispenseConsumerCS","text":{"status":"extensions","div":"<div xmlns=\"http://www.w3.org/1999/xhtml\"><p class=\"res-header-id\"><b>Generated Narrative: CapabilityStatement IHE.MPD.DispenseConsumerCS</b></p><a name=\"IHE.MPD.DispenseConsumerCS\"> </a><a name=\"hcIHE.MPD.DispenseConsumerCS\"> </a><a name=\"IHE.MPD.DispenseConsumerCS-en-US\"> </a><h2 id=\"title\">IHE MPD Dispense Consumer Actor</h2><ul><li>Implementation Guide Version: 0.1.0 </li><li>FHIR Version: 4.0.1 </li><li>Supported Formats: <code>application/fhir+json</code>, <code>application/fhir+xml</code></li><li>Supported Patch Formats: </li><li>Published on: 2024-07-08 16:49:44+0000 </li><li>Published by: Integrating the Healthcare Enterprise (IHE) </li></ul><blockquote class=\"impl-note\"><p><strong>Note to Implementers: FHIR Capabilities</strong></p><p>Any FHIR capability may be 'allowed' by the system unless explicitly marked as 'SHALL NOT'. A few items are marked as MAY in the Implementation Guide to highlight their potential relevance to the use case.</p></blockquote><h2 id=\"rest\">FHIR RESTful Capabilities</h2><div class=\"panel panel-default\"><div class=\"panel-heading\"><h3 id=\"mode1\" class=\"panel-title\">Mode: <code>client</code></h3></div><div class=\"panel-body\"><div><p>The Dispense Consumer retrieves dispense data.</p>\n</div><div class=\"lead\"><em>Security</em></div><blockquote><div><p>Recommended security framework: ATNA, IUA, or SMART-on-FHIR.</p>\n</div></blockquote><div class=\"lead\"><em>Summary of System-wide Interactions</em></div></div></div><h3 id=\"resourcesCap1\">Capabilities by Resource/Profile</h3><h4 id=\"resourcesSummary1\">Summary</h4><p>The summary table lists the resources that are part of this configuration, and for each resource it lists:</p><ul><li>The relevant profiles (if any)</li><li>The interactions supported by each resource (<b><span class=\"bg-info\">R</span></b>ead, <b><span class=\"bg-info\">S</span></b>earch, <b><span class=\"bg-info\">U</span></b>pdate, and <b><span class=\"bg-info\">C</span></b>reate, are always shown, while <b><span class=\"bg-info\">VR</span></b>ead, <b><span class=\"bg-info\">P</span></b>atch, <b><span class=\"bg-info\">D</span></b>elete, <b><span class=\"bg-info\">H</span></b>istory on <b><span class=\"bg-info\">I</span></b>nstance, or <b><span class=\"bg-info\">H</span></b>istory on <b><span class=\"bg-info\">T</span></b>ype are only present if at least one of the resources has support for them.</li><li><span>The required, recommended, and some optional search parameters (if any). </span></li><li>The linked resources enabled for <code>_include</code></li><li>The other resources enabled for <code>_revinclude</code></li><li>The operations on the resource (if any)</li></ul><div class=\"table-responsive\"><table class=\"table table-condensed table-hover\"><thead><tr><th><b>Resource Type</b></th><th><b>Profile</b></th><th class=\"text-center\"><b title=\"GET a resource (read interaction)\">R</b></th><th class=\"text-center\"><b title=\"GET all set of resources of the type (search interaction)\">S</b></th><th class=\"text-center\"><b title=\"PUT a new resource version (update interaction)\">U</b></th><th class=\"text-center\"><b title=\"POST a new resource (create interaction)\">C</b></th><th><b title=\"Required and recommended search parameters\">Searches</b></th><th><code><b>_include</b></code></th><th><code><b>_revinclude</b></code></th><th><b>Operations</b></th></tr></thead><tbody><tr><td><a href=\"#MedicationDispense1-1\">MedicationDispense</a></td><td>Supported Profiles<br/>\u00a0\u00a0<a href=\"StructureDefinition-IHEMedicationDispense.html\">IHE Medication Dispense</a></td><td class=\"text-center\">y</td><td class=\"text-center\"></td><td class=\"text-center\"></td><td class=\"text-center\"></td><td></td><td/><td/><td/></tr></tbody></table></div><hr/><div class=\"panel panel-default\"><div class=\"panel-heading\"><h4 id=\"MedicationDispense1-1\" class=\"panel-title\"><span style=\"float: right;\">Resource Conformance: supported </span>MedicationDispense</h4></div><div class=\"panel-body\"><div class=\"container\"><div class=\"row\"><div class=\"col-lg-4\"><span class=\"lead\">Core FHIR Resource</span><br/><a href=\"http://hl7.org/fhir/R4/medicationdispense.html\">MedicationDispense</a></div><div class=\"col-lg-4\"><span class=\"lead\">Reference Policy</span><br/></div><div class=\"col-lg-4\"><span class=\"lead\">Interaction summary</span><br/><ul><li>Supports <br/><code>read</code><div><p>Retrieve a MedicationDispense [PHARM-9]</p>\n</div></li></ul></div></div><p/><div class=\"row\"><div class=\"col-6\"><span class=\"lead\">Supported Profiles</span><p><a href=\"StructureDefinition-IHEMedicationDispense.html\">IHE Medication Dispense</a></p></div></div><p/></div></div></div></div>"},"url":"http://profiles.ihe.net/PHARM/MPD/CapabilityStatement/IHE.MPD.DispenseConsumerCS","version":"0.1.0","name":"IHEMPDDispenseConsumer","title":"IHE MPD Dispense Consumer Actor","status":"active","experimental":false,"date":"2024-07-08T16:49:44+00:00","publisher":"Integrating the Healthcare Enterprise (IHE)","contact":[{"name":"Integrating the Healthcare Enterprise (IHE)","telecom":[{"system":"url","value":"http://ihe.net"},{"system":"email","value":"secretary@ihe.net"}]},{"name":"Jose Costa Teixeira","telecom":[{"system":"email","value":"jose.a.teixeira@gmail.com","use":"work"}]}],"description":"The CapabilityStatement for the [Dispense Consumer Actor](actors-transactions.html#dispense-consumer) describes the requirements for systems that retrieve dispense data.","jurisdiction":[{"coding":[{"system":"http://unstats.un.org/unsd/methods/m49/m49.htm","code":"001"}]}],"copyright":"IHE http://www.ihe.net/Governance/#Intellectual_Property","kind":"requirements","fhirVersion":"4.0.1","format":["application/fhir+json","application/fhir+xml"],"rest":[{"mode":"client","documentation":"The Dispense Consumer retrieves dispense data.","security":{"description":"Recommended security framework: ATNA, IUA, or SMART-on-FHIR."},"resource":[{"type":"MedicationDispense","supportedProfile":["http://profiles.ihe.net/PHARM/MPD/StructureDefinition/IHEMedicationDispense"],"interaction":[{"code":"read","documentation":"Retrieve a MedicationDispense [PHARM-9]"}]}]}]}