"Id","Path","Slice Name","Alias(s)","Label","Min","Max","Must Support?","Is Modifier?","Is Summary?","Type(s)","Short","Definition","Comments","Requirements","Default Value","Meaning When Missing","Fixed Value","Pattern","Example","Minimum Value","Maximum Value","Maximum Length","Binding Strength","Binding Description","Binding Value Set","Code","Slicing Discriminator","Slicing Description","Slicing Ordered","Slicing Rules","Base Path","Base Min","Base Max","Condition(s)","Constraint(s)","Mapping: RIM Mapping"
"PrescribedProductModel1","PrescribedProductModel1","","","",0,*,"","","","null {[]} {[]}
","DRAFT: Flattened Medicinal Product on ePrescription. Focused on an authorised product.","DRAFT. eP/eD/PS medicinal product as a implementation-agnostic logical model","","","","","","","","","",,,,,"",,,,"Base",0,*,"","","n/a"
"PrescribedProductModel1.identifier","PrescribedProductModel1.identifier","","","",0,*,"","","","BackboneElement {[CanonicalType[http://profiles.ihe.net/PHARM/ihe.pharm.mpd/StructureDefinition/Class]]} {[]}
","Identifier(s) for the product","Identifier(s) for the product","","","","","","","","","",,,,,"",,,,"PrescribedProductModel1.identifier",0,*,"","ele-1:All FHIR elements must have a @value or children {hasValue() or (children().count() > id.count())}
"
"PrescribedProductModel1.identifier.id","PrescribedProductModel1.identifier.id","","","",0,1,"","","","id {[]} {[]}
","Unique id for inter-element referencing","Unique id for the element within a resource (for internal references). This may be any string value that does not contain spaces.","","","","","","","","","",,,,,"",,,,"Element.id",0,1,"ele-1
","","n/a"
"PrescribedProductModel1.identifier.extension","PrescribedProductModel1.identifier.extension","","extensions
user content","",0,*,"","","","Extension {[]} {[]}
","Additional content defined by implementations","May be used to represent additional information that is not part of the basic definition of the element. To make the use of extensions safe and managable, there is a strict set of governance applied to the definition and use of extensions. Though any implementer can define an extension, there is a set of requirements that SHALL be met as part of the definition of the extension.","There can be no stigma associated with the use of extensions by any application, project, or standard - regardless of the institution or jurisdiction that uses or defines the extensions.  The use of extensions is what allows the FHIR specification to retain a core level of simplicity for everyone.","","","","","","","","",,,,,"","value:url}
","Extensions are always sliced by (at least) url",,"open","Element.extension",0,*,"","ele-1:All FHIR elements must have a @value or children {hasValue() or (children().count() > id.count())}
ext-1:Must have either extensions or value[x], not both {extension.exists() != value.exists()}","n/a"
"PrescribedProductModel1.identifier.modifierExtension","PrescribedProductModel1.identifier.modifierExtension","","extensions
user contentmodifiers","",0,*,"","Y","Y","Extension {[]} {[]}
","Extensions that cannot be ignored even if unrecognized","May be used to represent additional information that is not part of the basic definition of the element and that modifies the understanding of the element in which it is contained and/or the understanding of the containing element's descendants. Usually modifier elements provide negation or qualification. To make the use of extensions safe and managable, there is a strict set of governance applied to the definition and use of extensions. Though any implementer can define an extension, there is a set of requirements that SHALL be met as part of the definition of the extension. Applications processing a resource are required to check for modifier extensions.

Modifier extensions SHALL NOT change the meaning of any elements on Resource or DomainResource (including cannot change the meaning of modifierExtension itself).","There can be no stigma associated with the use of extensions by any application, project, or standard - regardless of the institution or jurisdiction that uses or defines the extensions.  The use of extensions is what allows the FHIR specification to retain a core level of simplicity for everyone.","Modifier extensions allow for extensions that *cannot* be safely ignored to be clearly distinguished from the vast majority of extensions which can be safely ignored.  This promotes interoperability by eliminating the need for implementers to prohibit the presence of extensions. For further information, see the [definition of modifier extensions](http://hl7.org/fhir/R5/extensibility.html#modifierExtension).","","","","","","","",,,,,"",,,,"BackboneElement.modifierExtension",0,*,"","ele-1:All FHIR elements must have a @value or children {hasValue() or (children().count() > id.count())}
ext-1:Must have either extensions or value[x], not both {extension.exists() != value.exists()}","N/A"
"PrescribedProductModel1.identifier.type","PrescribedProductModel1.identifier.type","","","",1,1,"","","","Element {[CanonicalType[http://profiles.ihe.net/PHARM/ihe.pharm.mpd/StructureDefinition/CD]]} {[]}
","Type of identifier, e.g. PCID, PhPID, MPID, VMP, VMPP, BE-VMPG...","Type of identifier, e.g. PCID, PhPID, MPID, VMP, VMPP, BE-VMPG...","","","","","","","","","",,,,,"",,,,"PrescribedProductModel1.identifier.type",1,1,"",""
"PrescribedProductModel1.identifier.identifier","PrescribedProductModel1.identifier.identifier","","","",1,1,"","","","Element {[CanonicalType[http://profiles.ihe.net/PHARM/ihe.pharm.mpd/StructureDefinition/II]]} {[]}
","Identifier","Identifier","","","","","","","","","",,,,,"",,,,"PrescribedProductModel1.identifier.identifier",1,1,"",""
"PrescribedProductModel1.marketingAuthorisationHolder","PrescribedProductModel1.marketingAuthorisationHolder","","","",0,1,"","","","Element {[CanonicalType[http://profiles.ihe.net/PHARM/ihe.pharm.mpd/StructureDefinition/ST]]} {[]}
","MAH name - do we need more?","MAH name - do we need more?","","","","","","","","","",,,,,"",,,,"PrescribedProductModel1.marketingAuthorisationHolder",0,1,"",""
"PrescribedProductModel1.classification","PrescribedProductModel1.classification","","","",0,*,"","","","BackboneElement {[CanonicalType[http://profiles.ihe.net/PHARM/ihe.pharm.mpd/StructureDefinition/Class]]} {[]}
","Classification","Classification","","","","","","","","","",,,,,"",,,,"PrescribedProductModel1.classification",0,*,"","ele-1:All FHIR elements must have a @value or children {hasValue() or (children().count() > id.count())}
"
"PrescribedProductModel1.classification.id","PrescribedProductModel1.classification.id","","","",0,1,"","","","id {[]} {[]}
","Unique id for inter-element referencing","Unique id for the element within a resource (for internal references). This may be any string value that does not contain spaces.","","","","","","","","","",,,,,"",,,,"Element.id",0,1,"ele-1
","","n/a"
"PrescribedProductModel1.classification.extension","PrescribedProductModel1.classification.extension","","extensions
user content","",0,*,"","","","Extension {[]} {[]}
","Additional content defined by implementations","May be used to represent additional information that is not part of the basic definition of the element. To make the use of extensions safe and managable, there is a strict set of governance applied to the definition and use of extensions. Though any implementer can define an extension, there is a set of requirements that SHALL be met as part of the definition of the extension.","There can be no stigma associated with the use of extensions by any application, project, or standard - regardless of the institution or jurisdiction that uses or defines the extensions.  The use of extensions is what allows the FHIR specification to retain a core level of simplicity for everyone.","","","","","","","","",,,,,"","value:url}
","Extensions are always sliced by (at least) url",,"open","Element.extension",0,*,"","ele-1:All FHIR elements must have a @value or children {hasValue() or (children().count() > id.count())}
ext-1:Must have either extensions or value[x], not both {extension.exists() != value.exists()}","n/a"
"PrescribedProductModel1.classification.modifierExtension","PrescribedProductModel1.classification.modifierExtension","","extensions
user contentmodifiers","",0,*,"","Y","Y","Extension {[]} {[]}
","Extensions that cannot be ignored even if unrecognized","May be used to represent additional information that is not part of the basic definition of the element and that modifies the understanding of the element in which it is contained and/or the understanding of the containing element's descendants. Usually modifier elements provide negation or qualification. To make the use of extensions safe and managable, there is a strict set of governance applied to the definition and use of extensions. Though any implementer can define an extension, there is a set of requirements that SHALL be met as part of the definition of the extension. Applications processing a resource are required to check for modifier extensions.

Modifier extensions SHALL NOT change the meaning of any elements on Resource or DomainResource (including cannot change the meaning of modifierExtension itself).","There can be no stigma associated with the use of extensions by any application, project, or standard - regardless of the institution or jurisdiction that uses or defines the extensions.  The use of extensions is what allows the FHIR specification to retain a core level of simplicity for everyone.","Modifier extensions allow for extensions that *cannot* be safely ignored to be clearly distinguished from the vast majority of extensions which can be safely ignored.  This promotes interoperability by eliminating the need for implementers to prohibit the presence of extensions. For further information, see the [definition of modifier extensions](http://hl7.org/fhir/R5/extensibility.html#modifierExtension).","","","","","","","",,,,,"",,,,"BackboneElement.modifierExtension",0,*,"","ele-1:All FHIR elements must have a @value or children {hasValue() or (children().count() > id.count())}
ext-1:Must have either extensions or value[x], not both {extension.exists() != value.exists()}","N/A"
"PrescribedProductModel1.classification.atc","PrescribedProductModel1.classification.atc","","","",1,1,"","","","Element {[CanonicalType[http://profiles.ihe.net/PHARM/ihe.pharm.mpd/StructureDefinition/CD]]} {[]}
","ATC code","ATC code","","","","","","","","","",,,,,"",,,,"PrescribedProductModel1.classification.atc",1,1,"",""
"PrescribedProductModel1.classification.otherClassification","PrescribedProductModel1.classification.otherClassification","","","",1,1,"","","","Element {[CanonicalType[http://profiles.ihe.net/PHARM/ihe.pharm.mpd/StructureDefinition/CD]]} {[]}
","Any other classification","Any other classification","","","","","","","","","",,,,,"",,,,"PrescribedProductModel1.classification.otherClassification",1,1,"",""
"PrescribedProductModel1.fullName","PrescribedProductModel1.fullName","","","",0,*,"","","","Element {[CanonicalType[http://profiles.ihe.net/PHARM/ihe.pharm.mpd/StructureDefinition/ST]]} {[]}
","Name of the product","Name of the product","","","","","","","","","",,,,,"",,,,"PrescribedProductModel1.fullName",0,*,"",""
"PrescribedProductModel1.doseForm","PrescribedProductModel1.doseForm","","","",0,1,"","","","Element {[CanonicalType[http://profiles.ihe.net/PHARM/ihe.pharm.mpd/StructureDefinition/CD]]} {[]}
","Dose form (authorised/combined dose form for full product)","Dose form (authorised/combined dose form for full product)","","","","","","","","","",,,,,"",,,,"PrescribedProductModel1.doseForm",0,1,"",""
"PrescribedProductModel1.packSize","PrescribedProductModel1.packSize","","","",0,*,"","","","Element {[CanonicalType[http://profiles.ihe.net/PHARM/ihe.pharm.mpd/StructureDefinition/PQ]]} {[]}
","Overall amount (100ml; 20 tablets; 1 tube & 6 pessaries)","Overall amount (100ml; 20 tablets; 1 tube & 6 pessaries)","","","","","","","","","",,,,,"",,,,"PrescribedProductModel1.packSize",0,*,"",""
"PrescribedProductModel1.manufacturedItem","PrescribedProductModel1.manufacturedItem","","","",1,*,"","","","BackboneElement {[CanonicalType[http://profiles.ihe.net/PHARM/ihe.pharm.mpd/StructureDefinition/Class]]} {[]}
","Actual product description. Repeated for products that contain multiple different items","Actual product description. Repeated for products that contain multiple different items","","","","","","","","","",,,,,"",,,,"PrescribedProductModel1.manufacturedItem",1,*,"","ele-1:All FHIR elements must have a @value or children {hasValue() or (children().count() > id.count())}
"
"PrescribedProductModel1.manufacturedItem.id","PrescribedProductModel1.manufacturedItem.id","","","",0,1,"","","","id {[]} {[]}
","Unique id for inter-element referencing","Unique id for the element within a resource (for internal references). This may be any string value that does not contain spaces.","","","","","","","","","",,,,,"",,,,"Element.id",0,1,"ele-1
","","n/a"
"PrescribedProductModel1.manufacturedItem.extension","PrescribedProductModel1.manufacturedItem.extension","","extensions
user content","",0,*,"","","","Extension {[]} {[]}
","Additional content defined by implementations","May be used to represent additional information that is not part of the basic definition of the element. To make the use of extensions safe and managable, there is a strict set of governance applied to the definition and use of extensions. Though any implementer can define an extension, there is a set of requirements that SHALL be met as part of the definition of the extension.","There can be no stigma associated with the use of extensions by any application, project, or standard - regardless of the institution or jurisdiction that uses or defines the extensions.  The use of extensions is what allows the FHIR specification to retain a core level of simplicity for everyone.","","","","","","","","",,,,,"","value:url}
","Extensions are always sliced by (at least) url",,"open","Element.extension",0,*,"","ele-1:All FHIR elements must have a @value or children {hasValue() or (children().count() > id.count())}
ext-1:Must have either extensions or value[x], not both {extension.exists() != value.exists()}","n/a"
"PrescribedProductModel1.manufacturedItem.modifierExtension","PrescribedProductModel1.manufacturedItem.modifierExtension","","extensions
user contentmodifiers","",0,*,"","Y","Y","Extension {[]} {[]}
","Extensions that cannot be ignored even if unrecognized","May be used to represent additional information that is not part of the basic definition of the element and that modifies the understanding of the element in which it is contained and/or the understanding of the containing element's descendants. Usually modifier elements provide negation or qualification. To make the use of extensions safe and managable, there is a strict set of governance applied to the definition and use of extensions. Though any implementer can define an extension, there is a set of requirements that SHALL be met as part of the definition of the extension. Applications processing a resource are required to check for modifier extensions.

Modifier extensions SHALL NOT change the meaning of any elements on Resource or DomainResource (including cannot change the meaning of modifierExtension itself).","There can be no stigma associated with the use of extensions by any application, project, or standard - regardless of the institution or jurisdiction that uses or defines the extensions.  The use of extensions is what allows the FHIR specification to retain a core level of simplicity for everyone.","Modifier extensions allow for extensions that *cannot* be safely ignored to be clearly distinguished from the vast majority of extensions which can be safely ignored.  This promotes interoperability by eliminating the need for implementers to prohibit the presence of extensions. For further information, see the [definition of modifier extensions](http://hl7.org/fhir/R5/extensibility.html#modifierExtension).","","","","","","","",,,,,"",,,,"BackboneElement.modifierExtension",0,*,"","ele-1:All FHIR elements must have a @value or children {hasValue() or (children().count() > id.count())}
ext-1:Must have either extensions or value[x], not both {extension.exists() != value.exists()}","N/A"
"PrescribedProductModel1.manufacturedItem.itemQuantity","PrescribedProductModel1.manufacturedItem.itemQuantity","","","",1,1,"","","","Element {[CanonicalType[http://profiles.ihe.net/PHARM/ihe.pharm.mpd/StructureDefinition/PQ]]} {[]}
","Quantity of such items in the package","Quantity of such items in the package","","","","","","","","","",,,,,"",,,,"PrescribedProductModel1.manufacturedItem.itemQuantity",1,1,"",""
"PrescribedProductModel1.manufacturedItem.containedQuantity","PrescribedProductModel1.manufacturedItem.containedQuantity","","","",0,1,"","","","Element {[CanonicalType[http://profiles.ihe.net/PHARM/ihe.pharm.mpd/StructureDefinition/PQ]]} {[]}
","Amount of product per unit of presentation when applicable (3ml vial)","Amount of product per unit of presentation when applicable (3ml vial)","","","","","","","","","",,,,,"",,,,"PrescribedProductModel1.manufacturedItem.containedQuantity",0,1,"",""
"PrescribedProductModel1.manufacturedItem.unitOfPresentation","PrescribedProductModel1.manufacturedItem.unitOfPresentation","","","",0,*,"","","","Element {[CanonicalType[http://profiles.ihe.net/PHARM/ihe.pharm.mpd/StructureDefinition/CD]]} {[]}
","Unit of presentation for the manufactured item","Unit of presentation for the manufactured item","","","","","","","","","",,,,,"",,,,"PrescribedProductModel1.manufacturedItem.unitOfPresentation",0,*,"",""
"PrescribedProductModel1.manufacturedItem.doseForm","PrescribedProductModel1.manufacturedItem.doseForm","","","",1,1,"","","","Element {[CanonicalType[http://profiles.ihe.net/PHARM/ihe.pharm.mpd/StructureDefinition/CD]]} {[]}
","Manufactured dose form","Manufactured dose form","","","","","","","","","",,,,,"",,,,"PrescribedProductModel1.manufacturedItem.doseForm",1,1,"",""
"PrescribedProductModel1.manufacturedItem.ingredient","PrescribedProductModel1.manufacturedItem.ingredient","","","",0,*,"","","","BackboneElement {[CanonicalType[http://profiles.ihe.net/PHARM/ihe.pharm.mpd/StructureDefinition/Class]]} {[]}
","Active/relevant(?) ingredients","Active/relevant(?) ingredients","","","","","","","","","",,,,,"",,,,"PrescribedProductModel1.manufacturedItem.ingredient",0,*,"","ele-1:All FHIR elements must have a @value or children {hasValue() or (children().count() > id.count())}
"
"PrescribedProductModel1.manufacturedItem.ingredient.id","PrescribedProductModel1.manufacturedItem.ingredient.id","","","",0,1,"","","","id {[]} {[]}
","Unique id for inter-element referencing","Unique id for the element within a resource (for internal references). This may be any string value that does not contain spaces.","","","","","","","","","",,,,,"",,,,"Element.id",0,1,"ele-1
","","n/a"
"PrescribedProductModel1.manufacturedItem.ingredient.extension","PrescribedProductModel1.manufacturedItem.ingredient.extension","","extensions
user content","",0,*,"","","","Extension {[]} {[]}
","Additional content defined by implementations","May be used to represent additional information that is not part of the basic definition of the element. To make the use of extensions safe and managable, there is a strict set of governance applied to the definition and use of extensions. Though any implementer can define an extension, there is a set of requirements that SHALL be met as part of the definition of the extension.","There can be no stigma associated with the use of extensions by any application, project, or standard - regardless of the institution or jurisdiction that uses or defines the extensions.  The use of extensions is what allows the FHIR specification to retain a core level of simplicity for everyone.","","","","","","","","",,,,,"","value:url}
","Extensions are always sliced by (at least) url",,"open","Element.extension",0,*,"","ele-1:All FHIR elements must have a @value or children {hasValue() or (children().count() > id.count())}
ext-1:Must have either extensions or value[x], not both {extension.exists() != value.exists()}","n/a"
"PrescribedProductModel1.manufacturedItem.ingredient.modifierExtension","PrescribedProductModel1.manufacturedItem.ingredient.modifierExtension","","extensions
user contentmodifiers","",0,*,"","Y","Y","Extension {[]} {[]}
","Extensions that cannot be ignored even if unrecognized","May be used to represent additional information that is not part of the basic definition of the element and that modifies the understanding of the element in which it is contained and/or the understanding of the containing element's descendants. Usually modifier elements provide negation or qualification. To make the use of extensions safe and managable, there is a strict set of governance applied to the definition and use of extensions. Though any implementer can define an extension, there is a set of requirements that SHALL be met as part of the definition of the extension. Applications processing a resource are required to check for modifier extensions.

Modifier extensions SHALL NOT change the meaning of any elements on Resource or DomainResource (including cannot change the meaning of modifierExtension itself).","There can be no stigma associated with the use of extensions by any application, project, or standard - regardless of the institution or jurisdiction that uses or defines the extensions.  The use of extensions is what allows the FHIR specification to retain a core level of simplicity for everyone.","Modifier extensions allow for extensions that *cannot* be safely ignored to be clearly distinguished from the vast majority of extensions which can be safely ignored.  This promotes interoperability by eliminating the need for implementers to prohibit the presence of extensions. For further information, see the [definition of modifier extensions](http://hl7.org/fhir/R5/extensibility.html#modifierExtension).","","","","","","","",,,,,"",,,,"BackboneElement.modifierExtension",0,*,"","ele-1:All FHIR elements must have a @value or children {hasValue() or (children().count() > id.count())}
ext-1:Must have either extensions or value[x], not both {extension.exists() != value.exists()}","N/A"
"PrescribedProductModel1.manufacturedItem.ingredient.role","PrescribedProductModel1.manufacturedItem.ingredient.role","","","",1,1,"","","","Element {[CanonicalType[http://profiles.ihe.net/PHARM/ihe.pharm.mpd/StructureDefinition/CD]]} {[]}
","ingredient role","ingredient role","","","","","","","","","",,,,,"",,,,"PrescribedProductModel1.manufacturedItem.ingredient.role",1,1,"",""
"PrescribedProductModel1.manufacturedItem.ingredient.substance","PrescribedProductModel1.manufacturedItem.ingredient.substance","","","",1,1,"","","","Element {[CanonicalType[http://profiles.ihe.net/PHARM/ihe.pharm.mpd/StructureDefinition/CD]]} {[]}
","Substance","Substance","","","","","","","","","",,,,,"",,,,"PrescribedProductModel1.manufacturedItem.ingredient.substance",1,1,"",""
"PrescribedProductModel1.manufacturedItem.ingredient.strengthInfo","PrescribedProductModel1.manufacturedItem.ingredient.strengthInfo","","","",1,*,"","","","BackboneElement {[CanonicalType[http://profiles.ihe.net/PHARM/ihe.pharm.mpd/StructureDefinition/Class]]} {[]}
","Concentration or presentation strength","Concentration or presentation strength","","","","","","","","","",,,,,"",,,,"PrescribedProductModel1.manufacturedItem.ingredient.strengthInfo",1,*,"","ele-1:All FHIR elements must have a @value or children {hasValue() or (children().count() > id.count())}
"
"PrescribedProductModel1.manufacturedItem.ingredient.strengthInfo.id","PrescribedProductModel1.manufacturedItem.ingredient.strengthInfo.id","","","",0,1,"","","","id {[]} {[]}
","Unique id for inter-element referencing","Unique id for the element within a resource (for internal references). This may be any string value that does not contain spaces.","","","","","","","","","",,,,,"",,,,"Element.id",0,1,"ele-1
","","n/a"
"PrescribedProductModel1.manufacturedItem.ingredient.strengthInfo.extension","PrescribedProductModel1.manufacturedItem.ingredient.strengthInfo.extension","","extensions
user content","",0,*,"","","","Extension {[]} {[]}
","Additional content defined by implementations","May be used to represent additional information that is not part of the basic definition of the element. To make the use of extensions safe and managable, there is a strict set of governance applied to the definition and use of extensions. Though any implementer can define an extension, there is a set of requirements that SHALL be met as part of the definition of the extension.","There can be no stigma associated with the use of extensions by any application, project, or standard - regardless of the institution or jurisdiction that uses or defines the extensions.  The use of extensions is what allows the FHIR specification to retain a core level of simplicity for everyone.","","","","","","","","",,,,,"","value:url}
","Extensions are always sliced by (at least) url",,"open","Element.extension",0,*,"","ele-1:All FHIR elements must have a @value or children {hasValue() or (children().count() > id.count())}
ext-1:Must have either extensions or value[x], not both {extension.exists() != value.exists()}","n/a"
"PrescribedProductModel1.manufacturedItem.ingredient.strengthInfo.modifierExtension","PrescribedProductModel1.manufacturedItem.ingredient.strengthInfo.modifierExtension","","extensions
user contentmodifiers","",0,*,"","Y","Y","Extension {[]} {[]}
","Extensions that cannot be ignored even if unrecognized","May be used to represent additional information that is not part of the basic definition of the element and that modifies the understanding of the element in which it is contained and/or the understanding of the containing element's descendants. Usually modifier elements provide negation or qualification. To make the use of extensions safe and managable, there is a strict set of governance applied to the definition and use of extensions. Though any implementer can define an extension, there is a set of requirements that SHALL be met as part of the definition of the extension. Applications processing a resource are required to check for modifier extensions.

Modifier extensions SHALL NOT change the meaning of any elements on Resource or DomainResource (including cannot change the meaning of modifierExtension itself).","There can be no stigma associated with the use of extensions by any application, project, or standard - regardless of the institution or jurisdiction that uses or defines the extensions.  The use of extensions is what allows the FHIR specification to retain a core level of simplicity for everyone.","Modifier extensions allow for extensions that *cannot* be safely ignored to be clearly distinguished from the vast majority of extensions which can be safely ignored.  This promotes interoperability by eliminating the need for implementers to prohibit the presence of extensions. For further information, see the [definition of modifier extensions](http://hl7.org/fhir/R5/extensibility.html#modifierExtension).","","","","","","","",,,,,"",,,,"BackboneElement.modifierExtension",0,*,"","ele-1:All FHIR elements must have a @value or children {hasValue() or (children().count() > id.count())}
ext-1:Must have either extensions or value[x], not both {extension.exists() != value.exists()}","N/A"
"PrescribedProductModel1.manufacturedItem.ingredient.strengthInfo.strength","PrescribedProductModel1.manufacturedItem.ingredient.strengthInfo.strength","","","",1,*,"","","","Element {[CanonicalType[http://profiles.ihe.net/PHARM/ihe.pharm.mpd/StructureDefinition/RTO]]} {[]}
","Concentration or presentation strength of the precise active ingredient","Concentration or presentation strength of the precise active ingredient","","","","","","","","","",,,,,"",,,,"PrescribedProductModel1.manufacturedItem.ingredient.strengthInfo.strength",1,*,"",""
"PrescribedProductModel1.manufacturedItem.ingredient.strengthInfo.referenceStrength","PrescribedProductModel1.manufacturedItem.ingredient.strengthInfo.referenceStrength","","","",0,*,"","","","BackboneElement {[CanonicalType[http://profiles.ihe.net/PHARM/ihe.pharm.mpd/StructureDefinition/Class]]} {[]}
","Reference strength; according to the substance+strength type above","Reference strength; according to the substance+strength type above","","","","","","","","","",,,,,"",,,,"PrescribedProductModel1.manufacturedItem.ingredient.strengthInfo.referenceStrength",0,*,"","ele-1:All FHIR elements must have a @value or children {hasValue() or (children().count() > id.count())}
"
"PrescribedProductModel1.manufacturedItem.ingredient.strengthInfo.referenceStrength.id","PrescribedProductModel1.manufacturedItem.ingredient.strengthInfo.referenceStrength.id","","","",0,1,"","","","id {[]} {[]}
","Unique id for inter-element referencing","Unique id for the element within a resource (for internal references). This may be any string value that does not contain spaces.","","","","","","","","","",,,,,"",,,,"Element.id",0,1,"ele-1
","","n/a"
"PrescribedProductModel1.manufacturedItem.ingredient.strengthInfo.referenceStrength.extension","PrescribedProductModel1.manufacturedItem.ingredient.strengthInfo.referenceStrength.extension","","extensions
user content","",0,*,"","","","Extension {[]} {[]}
","Additional content defined by implementations","May be used to represent additional information that is not part of the basic definition of the element. To make the use of extensions safe and managable, there is a strict set of governance applied to the definition and use of extensions. Though any implementer can define an extension, there is a set of requirements that SHALL be met as part of the definition of the extension.","There can be no stigma associated with the use of extensions by any application, project, or standard - regardless of the institution or jurisdiction that uses or defines the extensions.  The use of extensions is what allows the FHIR specification to retain a core level of simplicity for everyone.","","","","","","","","",,,,,"","value:url}
","Extensions are always sliced by (at least) url",,"open","Element.extension",0,*,"","ele-1:All FHIR elements must have a @value or children {hasValue() or (children().count() > id.count())}
ext-1:Must have either extensions or value[x], not both {extension.exists() != value.exists()}","n/a"
"PrescribedProductModel1.manufacturedItem.ingredient.strengthInfo.referenceStrength.modifierExtension","PrescribedProductModel1.manufacturedItem.ingredient.strengthInfo.referenceStrength.modifierExtension","","extensions
user contentmodifiers","",0,*,"","Y","Y","Extension {[]} {[]}
","Extensions that cannot be ignored even if unrecognized","May be used to represent additional information that is not part of the basic definition of the element and that modifies the understanding of the element in which it is contained and/or the understanding of the containing element's descendants. Usually modifier elements provide negation or qualification. To make the use of extensions safe and managable, there is a strict set of governance applied to the definition and use of extensions. Though any implementer can define an extension, there is a set of requirements that SHALL be met as part of the definition of the extension. Applications processing a resource are required to check for modifier extensions.

Modifier extensions SHALL NOT change the meaning of any elements on Resource or DomainResource (including cannot change the meaning of modifierExtension itself).","There can be no stigma associated with the use of extensions by any application, project, or standard - regardless of the institution or jurisdiction that uses or defines the extensions.  The use of extensions is what allows the FHIR specification to retain a core level of simplicity for everyone.","Modifier extensions allow for extensions that *cannot* be safely ignored to be clearly distinguished from the vast majority of extensions which can be safely ignored.  This promotes interoperability by eliminating the need for implementers to prohibit the presence of extensions. For further information, see the [definition of modifier extensions](http://hl7.org/fhir/R5/extensibility.html#modifierExtension).","","","","","","","",,,,,"",,,,"BackboneElement.modifierExtension",0,*,"","ele-1:All FHIR elements must have a @value or children {hasValue() or (children().count() > id.count())}
ext-1:Must have either extensions or value[x], not both {extension.exists() != value.exists()}","N/A"
"PrescribedProductModel1.manufacturedItem.ingredient.strengthInfo.referenceStrength.referenceSubstance","PrescribedProductModel1.manufacturedItem.ingredient.strengthInfo.referenceStrength.referenceSubstance","","","",1,1,"","","","Element {[CanonicalType[http://profiles.ihe.net/PHARM/ihe.pharm.mpd/StructureDefinition/CD]]} {[]}
","Substance for reference strength","Substance for reference strength","","","","","","","","","",,,,,"",,,,"PrescribedProductModel1.manufacturedItem.ingredient.strengthInfo.referenceStrength.referenceSubstance",1,1,"",""
"PrescribedProductModel1.manufacturedItem.ingredient.strengthInfo.referenceStrength.strength","PrescribedProductModel1.manufacturedItem.ingredient.strengthInfo.referenceStrength.strength","","","",1,1,"","","","Element {[CanonicalType[http://profiles.ihe.net/PHARM/ihe.pharm.mpd/StructureDefinition/RTO]]} {[]}
","Reference strength","Reference strength","","","","","","","","","",,,,,"",,,,"PrescribedProductModel1.manufacturedItem.ingredient.strengthInfo.referenceStrength.strength",1,1,"",""
"PrescribedProductModel1.device","PrescribedProductModel1.device","","","",0,*,"","","","BackboneElement {[CanonicalType[http://profiles.ihe.net/PHARM/ihe.pharm.mpd/StructureDefinition/Class]]} {[]}
","Administrative device included in the product","Administrative device included in the product","","","","","","","","","",,,,,"",,,,"PrescribedProductModel1.device",0,*,"","ele-1:All FHIR elements must have a @value or children {hasValue() or (children().count() > id.count())}
"
"PrescribedProductModel1.device.id","PrescribedProductModel1.device.id","","","",0,1,"","","","id {[]} {[]}
","Unique id for inter-element referencing","Unique id for the element within a resource (for internal references). This may be any string value that does not contain spaces.","","","","","","","","","",,,,,"",,,,"Element.id",0,1,"ele-1
","","n/a"
"PrescribedProductModel1.device.extension","PrescribedProductModel1.device.extension","","extensions
user content","",0,*,"","","","Extension {[]} {[]}
","Additional content defined by implementations","May be used to represent additional information that is not part of the basic definition of the element. To make the use of extensions safe and managable, there is a strict set of governance applied to the definition and use of extensions. Though any implementer can define an extension, there is a set of requirements that SHALL be met as part of the definition of the extension.","There can be no stigma associated with the use of extensions by any application, project, or standard - regardless of the institution or jurisdiction that uses or defines the extensions.  The use of extensions is what allows the FHIR specification to retain a core level of simplicity for everyone.","","","","","","","","",,,,,"","value:url}
","Extensions are always sliced by (at least) url",,"open","Element.extension",0,*,"","ele-1:All FHIR elements must have a @value or children {hasValue() or (children().count() > id.count())}
ext-1:Must have either extensions or value[x], not both {extension.exists() != value.exists()}","n/a"
"PrescribedProductModel1.device.modifierExtension","PrescribedProductModel1.device.modifierExtension","","extensions
user contentmodifiers","",0,*,"","Y","Y","Extension {[]} {[]}
","Extensions that cannot be ignored even if unrecognized","May be used to represent additional information that is not part of the basic definition of the element and that modifies the understanding of the element in which it is contained and/or the understanding of the containing element's descendants. Usually modifier elements provide negation or qualification. To make the use of extensions safe and managable, there is a strict set of governance applied to the definition and use of extensions. Though any implementer can define an extension, there is a set of requirements that SHALL be met as part of the definition of the extension. Applications processing a resource are required to check for modifier extensions.

Modifier extensions SHALL NOT change the meaning of any elements on Resource or DomainResource (including cannot change the meaning of modifierExtension itself).","There can be no stigma associated with the use of extensions by any application, project, or standard - regardless of the institution or jurisdiction that uses or defines the extensions.  The use of extensions is what allows the FHIR specification to retain a core level of simplicity for everyone.","Modifier extensions allow for extensions that *cannot* be safely ignored to be clearly distinguished from the vast majority of extensions which can be safely ignored.  This promotes interoperability by eliminating the need for implementers to prohibit the presence of extensions. For further information, see the [definition of modifier extensions](http://hl7.org/fhir/R5/extensibility.html#modifierExtension).","","","","","","","",,,,,"",,,,"BackboneElement.modifierExtension",0,*,"","ele-1:All FHIR elements must have a @value or children {hasValue() or (children().count() > id.count())}
ext-1:Must have either extensions or value[x], not both {extension.exists() != value.exists()}","N/A"
"PrescribedProductModel1.device.device","PrescribedProductModel1.device.device","","","",1,1,"","","","Element {[CanonicalType[http://profiles.ihe.net/PHARM/ihe.pharm.mpd/StructureDefinition/CD]]} {[]}
","Separate device included in the package, not the container of the product","Separate device included in the package, not the container of the product","","","","","","","","","",,,,,"",,,,"PrescribedProductModel1.device.device",1,1,"",""
"PrescribedProductModel1.device.itemQuantity","PrescribedProductModel1.device.itemQuantity","","","",1,1,"","","","Element {[CanonicalType[http://profiles.ihe.net/PHARM/ihe.pharm.mpd/StructureDefinition/PQ]]} {[]}
","Number of such devices","Number of such devices","","","","","","","","","",,,,,"",,,,"PrescribedProductModel1.device.itemQuantity",1,1,"",""
