"Id","Path","Slice Name","Alias(s)","Label","Min","Max","Must Support?","Is Modifier?","Is Summary?","Type(s)","Short","Definition","Comments","Requirements","Default Value","Meaning When Missing","Fixed Value","Pattern","Example","Minimum Value","Maximum Value","Maximum Length","Binding Strength","Binding Description","Binding Value Set","Code","Slicing Discriminator","Slicing Description","Slicing Ordered","Slicing Rules","Base Path","Base Min","Base Max","Condition(s)","Constraint(s)","Mapping: RIM Mapping"
"DosagingInformation","DosagingInformation","","","",0,*,"","","","null {[]} {[]}
","Dosaging (model)","Logical model for usage instructions for administring the requested product. Based on FHIR Dosage complex data type.","","","","","","","","","",,,,,"",,,,"Base",0,*,"","","n/a"
"DosagingInformation.sequence","DosagingInformation.sequence","","","",0,1,"","","","Element {[CanonicalType[https://profiles.ihe.net/Domain/LogicalDatatypes/StructureDefinition/INT]]} {[]}
","Order of the dosage instruction, in case one treatment consists of several dosaging schemes","Order of the dosage instruction, in case one treatment consists of several dosaging schemes","","","","","","","","","",,,,,"",,,,"DosagingInformation.sequence",0,1,"",""
"DosagingInformation.text","DosagingInformation.text","","","",0,1,"","","","Element {[CanonicalType[https://profiles.ihe.net/Domain/LogicalDatatypes/StructureDefinition/ST]]} {[]}
","Free text usage/dosage instructions","Free text usage/dosage instructions","","","","","","","","","",,,,,"",,,,"DosagingInformation.text",0,1,"",""
"DosagingInformation.additionalInstruction","DosagingInformation.additionalInstruction","","","",0,*,"","","","Element {[CanonicalType[https://profiles.ihe.net/Domain/LogicalDatatypes/StructureDefinition/CD]]} {[]}
","Coded instructions, e.g warnings to the patient, like 'may cause drowsiness' etc","Coded instructions, e.g warnings to the patient, like 'may cause drowsiness' etc","","","","","","","","","",,,,,"",,,,"DosagingInformation.additionalInstruction",0,*,"",""
"DosagingInformation.patientInstruction","DosagingInformation.patientInstruction","","","",0,1,"","","","Element {[CanonicalType[https://profiles.ihe.net/Domain/LogicalDatatypes/StructureDefinition/ST]]} {[]}
","Patient oriented instructions as free text","Patient oriented instructions as free text","","","","","","","","","",,,,,"",,,,"DosagingInformation.patientInstruction",0,1,"",""
"DosagingInformation.doseAndRate","DosagingInformation.doseAndRate","","","",0,*,"","","","BackboneElement {[CanonicalType[https://profiles.ihe.net/Domain/LogicalDatatypes/StructureDefinition/Class]]} {[]}
","Amount of medication administered per one dose (= one timing)","Amount of medication administered per one dose (= one timing)","","","","","","","","","",,,,,"",,,,"DosagingInformation.doseAndRate",0,*,"","ele-1:All FHIR elements must have a @value or children {hasValue() or (children().count() > id.count())}
"
"DosagingInformation.doseAndRate.id","DosagingInformation.doseAndRate.id","","","",0,1,"","","","id {[]} {[]}
","Unique id for inter-element referencing","Unique id for the element within a resource (for internal references). This may be any string value that does not contain spaces.","","","","","","","","","",,,,,"",,,,"Element.id",0,1,"ele-1
","","n/a"
"DosagingInformation.doseAndRate.extension","DosagingInformation.doseAndRate.extension","","extensions
user content","",0,*,"","","","Extension {[]} {[]}
","Additional content defined by implementations","May be used to represent additional information that is not part of the basic definition of the element. To make the use of extensions safe and managable, there is a strict set of governance applied to the definition and use of extensions. Though any implementer can define an extension, there is a set of requirements that SHALL be met as part of the definition of the extension.","There can be no stigma associated with the use of extensions by any application, project, or standard - regardless of the institution or jurisdiction that uses or defines the extensions.  The use of extensions is what allows the FHIR specification to retain a core level of simplicity for everyone.","","","","","","","","",,,,,"","value:url}
","Extensions are always sliced by (at least) url",,"open","Element.extension",0,*,"","ele-1:All FHIR elements must have a @value or children {hasValue() or (children().count() > id.count())}
ext-1:Must have either extensions or value[x], not both {extension.exists() != value.exists()}","n/a"
"DosagingInformation.doseAndRate.modifierExtension","DosagingInformation.doseAndRate.modifierExtension","","extensions
user contentmodifiers","",0,*,"","Y","Y","Extension {[]} {[]}
","Extensions that cannot be ignored even if unrecognized","May be used to represent additional information that is not part of the basic definition of the element and that modifies the understanding of the element in which it is contained and/or the understanding of the containing element's descendants. Usually modifier elements provide negation or qualification. To make the use of extensions safe and managable, there is a strict set of governance applied to the definition and use of extensions. Though any implementer can define an extension, there is a set of requirements that SHALL be met as part of the definition of the extension. Applications processing a resource are required to check for modifier extensions.

Modifier extensions SHALL NOT change the meaning of any elements on Resource or DomainResource (including cannot change the meaning of modifierExtension itself).","There can be no stigma associated with the use of extensions by any application, project, or standard - regardless of the institution or jurisdiction that uses or defines the extensions.  The use of extensions is what allows the FHIR specification to retain a core level of simplicity for everyone.","Modifier extensions allow for extensions that *cannot* be safely ignored to be clearly distinguished from the vast majority of extensions which can be safely ignored.  This promotes interoperability by eliminating the need for implementers to prohibit the presence of extensions. For further information, see the [definition of modifier extensions](http://hl7.org/fhir/R5/extensibility.html#modifierExtension).","","","","","","","",,,,,"",,,,"BackboneElement.modifierExtension",0,*,"","ele-1:All FHIR elements must have a @value or children {hasValue() or (children().count() > id.count())}
ext-1:Must have either extensions or value[x], not both {extension.exists() != value.exists()}","N/A"
"DosagingInformation.doseAndRate.type","DosagingInformation.doseAndRate.type","","","",0,1,"","","","Element {[CanonicalType[https://profiles.ihe.net/Domain/LogicalDatatypes/StructureDefinition/CD]]} {[]}
","The kind of dose or rate specified (e.g calculated, ordered, etc).","The kind of dose or rate specified (e.g calculated, ordered, etc).","","","","","","","","","",,,,,"",,,,"DosagingInformation.doseAndRate.type",0,1,"",""
"DosagingInformation.doseAndRate.dose[x]","DosagingInformation.doseAndRate.dose[x]","","","",0,1,"","","","Element {[CanonicalType[https://profiles.ihe.net/Domain/LogicalDatatypes/StructureDefinition/PQ]]} {[]}
Range {[]} {[]}","Amount of medication per one dose. (1 tablet, 2-3 tablets, 20ml)","Amount of medication per one dose. (1 tablet, 2-3 tablets, 20ml)","","","","","","","","","",,,,,"",,,,"DosagingInformation.doseAndRate.dose[x]",0,1,"",""
"DosagingInformation.doseAndRate.rate[x]","DosagingInformation.doseAndRate.rate[x]","","","",0,1,"","","","Element {[CanonicalType[https://profiles.ihe.net/Domain/LogicalDatatypes/StructureDefinition/RTO], CanonicalType[https://profiles.ihe.net/Domain/LogicalDatatypes/StructureDefinition/PQ]]} {[]}
Range {[]} {[]}","Time period during which one defined dose is administered (per 1 hour, per 5-10 minutes)","Time period during which one defined dose is administered (per 1 hour, per 5-10 minutes)","","","","","","","","","",,,,,"",,,,"DosagingInformation.doseAndRate.rate[x]",0,1,"",""
"DosagingInformation.timing","DosagingInformation.timing","","","",0,1,"","","","BackboneElement {[CanonicalType[https://profiles.ihe.net/Domain/LogicalDatatypes/StructureDefinition/Class]]} {[]}
","When medication should be administered (period, time of day, frequency, etc)","When medication should be administered (period, time of day, frequency, etc)","","","","","","","","","",,,,,"",,,,"DosagingInformation.timing",0,1,"","ele-1:All FHIR elements must have a @value or children {hasValue() or (children().count() > id.count())}
"
"DosagingInformation.timing.id","DosagingInformation.timing.id","","","",0,1,"","","","id {[]} {[]}
","Unique id for inter-element referencing","Unique id for the element within a resource (for internal references). This may be any string value that does not contain spaces.","","","","","","","","","",,,,,"",,,,"Element.id",0,1,"ele-1
","","n/a"
"DosagingInformation.timing.extension","DosagingInformation.timing.extension","","extensions
user content","",0,*,"","","","Extension {[]} {[]}
","Additional content defined by implementations","May be used to represent additional information that is not part of the basic definition of the element. To make the use of extensions safe and managable, there is a strict set of governance applied to the definition and use of extensions. Though any implementer can define an extension, there is a set of requirements that SHALL be met as part of the definition of the extension.","There can be no stigma associated with the use of extensions by any application, project, or standard - regardless of the institution or jurisdiction that uses or defines the extensions.  The use of extensions is what allows the FHIR specification to retain a core level of simplicity for everyone.","","","","","","","","",,,,,"","value:url}
","Extensions are always sliced by (at least) url",,"open","Element.extension",0,*,"","ele-1:All FHIR elements must have a @value or children {hasValue() or (children().count() > id.count())}
ext-1:Must have either extensions or value[x], not both {extension.exists() != value.exists()}","n/a"
"DosagingInformation.timing.modifierExtension","DosagingInformation.timing.modifierExtension","","extensions
user contentmodifiers","",0,*,"","Y","Y","Extension {[]} {[]}
","Extensions that cannot be ignored even if unrecognized","May be used to represent additional information that is not part of the basic definition of the element and that modifies the understanding of the element in which it is contained and/or the understanding of the containing element's descendants. Usually modifier elements provide negation or qualification. To make the use of extensions safe and managable, there is a strict set of governance applied to the definition and use of extensions. Though any implementer can define an extension, there is a set of requirements that SHALL be met as part of the definition of the extension. Applications processing a resource are required to check for modifier extensions.

Modifier extensions SHALL NOT change the meaning of any elements on Resource or DomainResource (including cannot change the meaning of modifierExtension itself).","There can be no stigma associated with the use of extensions by any application, project, or standard - regardless of the institution or jurisdiction that uses or defines the extensions.  The use of extensions is what allows the FHIR specification to retain a core level of simplicity for everyone.","Modifier extensions allow for extensions that *cannot* be safely ignored to be clearly distinguished from the vast majority of extensions which can be safely ignored.  This promotes interoperability by eliminating the need for implementers to prohibit the presence of extensions. For further information, see the [definition of modifier extensions](http://hl7.org/fhir/R5/extensibility.html#modifierExtension).","","","","","","","",,,,,"",,,,"BackboneElement.modifierExtension",0,*,"","ele-1:All FHIR elements must have a @value or children {hasValue() or (children().count() > id.count())}
ext-1:Must have either extensions or value[x], not both {extension.exists() != value.exists()}","N/A"
"DosagingInformation.timing.event","DosagingInformation.timing.event","","","",0,*,"","","","Element {[CanonicalType[https://profiles.ihe.net/Domain/LogicalDatatypes/StructureDefinition/DT]]} {[]}
","Exact date and/or time of the administration","Exact date and/or time of the administration","","","","","","","","","",,,,,"",,,,"DosagingInformation.timing.event",0,*,"",""
"DosagingInformation.timing.code","DosagingInformation.timing.code","","","",0,1,"","","","Element {[CanonicalType[https://profiles.ihe.net/Domain/LogicalDatatypes/StructureDefinition/CD]]} {[]}
","Timing abbreviation (AM - morning, Q4H - once in every 4 hours, BID - twice a day, etc)","Timing abbreviation (AM - morning, Q4H - once in every 4 hours, BID - twice a day, etc)","","","","","","","","","",,,,,"",,,,"DosagingInformation.timing.code",0,1,"",""
"DosagingInformation.timing.repeat","DosagingInformation.timing.repeat","","","",0,1,"","","","BackboneElement {[CanonicalType[https://profiles.ihe.net/Domain/LogicalDatatypes/StructureDefinition/Class]]} {[]}
","Repetition of the administration.","Repetition of the administration.","","","","","","","","","",,,,,"",,,,"DosagingInformation.timing.repeat",0,1,"","ele-1:All FHIR elements must have a @value or children {hasValue() or (children().count() > id.count())}
"
"DosagingInformation.timing.repeat.id","DosagingInformation.timing.repeat.id","","","",0,1,"","","","id {[]} {[]}
","Unique id for inter-element referencing","Unique id for the element within a resource (for internal references). This may be any string value that does not contain spaces.","","","","","","","","","",,,,,"",,,,"Element.id",0,1,"ele-1
","","n/a"
"DosagingInformation.timing.repeat.extension","DosagingInformation.timing.repeat.extension","","extensions
user content","",0,*,"","","","Extension {[]} {[]}
","Additional content defined by implementations","May be used to represent additional information that is not part of the basic definition of the element. To make the use of extensions safe and managable, there is a strict set of governance applied to the definition and use of extensions. Though any implementer can define an extension, there is a set of requirements that SHALL be met as part of the definition of the extension.","There can be no stigma associated with the use of extensions by any application, project, or standard - regardless of the institution or jurisdiction that uses or defines the extensions.  The use of extensions is what allows the FHIR specification to retain a core level of simplicity for everyone.","","","","","","","","",,,,,"","value:url}
","Extensions are always sliced by (at least) url",,"open","Element.extension",0,*,"","ele-1:All FHIR elements must have a @value or children {hasValue() or (children().count() > id.count())}
ext-1:Must have either extensions or value[x], not both {extension.exists() != value.exists()}","n/a"
"DosagingInformation.timing.repeat.modifierExtension","DosagingInformation.timing.repeat.modifierExtension","","extensions
user contentmodifiers","",0,*,"","Y","Y","Extension {[]} {[]}
","Extensions that cannot be ignored even if unrecognized","May be used to represent additional information that is not part of the basic definition of the element and that modifies the understanding of the element in which it is contained and/or the understanding of the containing element's descendants. Usually modifier elements provide negation or qualification. To make the use of extensions safe and managable, there is a strict set of governance applied to the definition and use of extensions. Though any implementer can define an extension, there is a set of requirements that SHALL be met as part of the definition of the extension. Applications processing a resource are required to check for modifier extensions.

Modifier extensions SHALL NOT change the meaning of any elements on Resource or DomainResource (including cannot change the meaning of modifierExtension itself).","There can be no stigma associated with the use of extensions by any application, project, or standard - regardless of the institution or jurisdiction that uses or defines the extensions.  The use of extensions is what allows the FHIR specification to retain a core level of simplicity for everyone.","Modifier extensions allow for extensions that *cannot* be safely ignored to be clearly distinguished from the vast majority of extensions which can be safely ignored.  This promotes interoperability by eliminating the need for implementers to prohibit the presence of extensions. For further information, see the [definition of modifier extensions](http://hl7.org/fhir/R5/extensibility.html#modifierExtension).","","","","","","","",,,,,"",,,,"BackboneElement.modifierExtension",0,*,"","ele-1:All FHIR elements must have a @value or children {hasValue() or (children().count() > id.count())}
ext-1:Must have either extensions or value[x], not both {extension.exists() != value.exists()}","N/A"
"DosagingInformation.timing.repeat.bounds","DosagingInformation.timing.repeat.bounds","","","",0,1,"","","","BackboneElement {[CanonicalType[https://profiles.ihe.net/Domain/LogicalDatatypes/StructureDefinition/Class]]} {[]}
","Time bounds for the treatment (current dosaging scheme). Only one of the following can exist.","Time bounds for the treatment (current dosaging scheme). Only one of the following can exist.","","","","","","","","","",,,,,"",,,,"DosagingInformation.timing.repeat.bounds",0,1,"","ele-1:All FHIR elements must have a @value or children {hasValue() or (children().count() > id.count())}
"
"DosagingInformation.timing.repeat.bounds.id","DosagingInformation.timing.repeat.bounds.id","","","",0,1,"","","","id {[]} {[]}
","Unique id for inter-element referencing","Unique id for the element within a resource (for internal references). This may be any string value that does not contain spaces.","","","","","","","","","",,,,,"",,,,"Element.id",0,1,"ele-1
","","n/a"
"DosagingInformation.timing.repeat.bounds.extension","DosagingInformation.timing.repeat.bounds.extension","","extensions
user content","",0,*,"","","","Extension {[]} {[]}
","Additional content defined by implementations","May be used to represent additional information that is not part of the basic definition of the element. To make the use of extensions safe and managable, there is a strict set of governance applied to the definition and use of extensions. Though any implementer can define an extension, there is a set of requirements that SHALL be met as part of the definition of the extension.","There can be no stigma associated with the use of extensions by any application, project, or standard - regardless of the institution or jurisdiction that uses or defines the extensions.  The use of extensions is what allows the FHIR specification to retain a core level of simplicity for everyone.","","","","","","","","",,,,,"","value:url}
","Extensions are always sliced by (at least) url",,"open","Element.extension",0,*,"","ele-1:All FHIR elements must have a @value or children {hasValue() or (children().count() > id.count())}
ext-1:Must have either extensions or value[x], not both {extension.exists() != value.exists()}","n/a"
"DosagingInformation.timing.repeat.bounds.modifierExtension","DosagingInformation.timing.repeat.bounds.modifierExtension","","extensions
user contentmodifiers","",0,*,"","Y","Y","Extension {[]} {[]}
","Extensions that cannot be ignored even if unrecognized","May be used to represent additional information that is not part of the basic definition of the element and that modifies the understanding of the element in which it is contained and/or the understanding of the containing element's descendants. Usually modifier elements provide negation or qualification. To make the use of extensions safe and managable, there is a strict set of governance applied to the definition and use of extensions. Though any implementer can define an extension, there is a set of requirements that SHALL be met as part of the definition of the extension. Applications processing a resource are required to check for modifier extensions.

Modifier extensions SHALL NOT change the meaning of any elements on Resource or DomainResource (including cannot change the meaning of modifierExtension itself).","There can be no stigma associated with the use of extensions by any application, project, or standard - regardless of the institution or jurisdiction that uses or defines the extensions.  The use of extensions is what allows the FHIR specification to retain a core level of simplicity for everyone.","Modifier extensions allow for extensions that *cannot* be safely ignored to be clearly distinguished from the vast majority of extensions which can be safely ignored.  This promotes interoperability by eliminating the need for implementers to prohibit the presence of extensions. For further information, see the [definition of modifier extensions](http://hl7.org/fhir/R5/extensibility.html#modifierExtension).","","","","","","","",,,,,"",,,,"BackboneElement.modifierExtension",0,*,"","ele-1:All FHIR elements must have a @value or children {hasValue() or (children().count() > id.count())}
ext-1:Must have either extensions or value[x], not both {extension.exists() != value.exists()}","N/A"
"DosagingInformation.timing.repeat.bounds.duration","DosagingInformation.timing.repeat.bounds.duration","","","",0,1,"","","","Element {[CanonicalType[https://profiles.ihe.net/Domain/LogicalDatatypes/StructureDefinition/PQ]]} {[]}
","Number of time units, e.g 10 days","Number of time units, e.g 10 days","","","","","","","","","",,,,,"",,,,"DosagingInformation.timing.repeat.bounds.duration",0,1,"",""
"DosagingInformation.timing.repeat.bounds.range","DosagingInformation.timing.repeat.bounds.range","","","",0,1,"","","","Range {[]} {[]}
","A range of numbers of time units, 5-10 days","A range of numbers of time units, 5-10 days","","","","","","","","","",,,,,"",,,,"DosagingInformation.timing.repeat.bounds.range",0,1,"",""
"DosagingInformation.timing.repeat.bounds.period","DosagingInformation.timing.repeat.bounds.period","","","",0,1,"","","","Period {[]} {[]}
","Start and end date, 05.08.2023 - 10.08.2023","Start and end date, 05.08.2023 - 10.08.2023","","","","","","","","","",,,,,"",,,,"DosagingInformation.timing.repeat.bounds.period",0,1,"",""
"DosagingInformation.timing.repeat.count","DosagingInformation.timing.repeat.count","","","",0,1,"","","","BackboneElement {[CanonicalType[https://profiles.ihe.net/Domain/LogicalDatatypes/StructureDefinition/Class]]} {[]}
","Number of times to repeat, exact or range","Number of times to repeat, exact or range","","","","","","","","","",,,,,"",,,,"DosagingInformation.timing.repeat.count",0,1,"","ele-1:All FHIR elements must have a @value or children {hasValue() or (children().count() > id.count())}
"
"DosagingInformation.timing.repeat.count.id","DosagingInformation.timing.repeat.count.id","","","",0,1,"","","","id {[]} {[]}
","Unique id for inter-element referencing","Unique id for the element within a resource (for internal references). This may be any string value that does not contain spaces.","","","","","","","","","",,,,,"",,,,"Element.id",0,1,"ele-1
","","n/a"
"DosagingInformation.timing.repeat.count.extension","DosagingInformation.timing.repeat.count.extension","","extensions
user content","",0,*,"","","","Extension {[]} {[]}
","Additional content defined by implementations","May be used to represent additional information that is not part of the basic definition of the element. To make the use of extensions safe and managable, there is a strict set of governance applied to the definition and use of extensions. Though any implementer can define an extension, there is a set of requirements that SHALL be met as part of the definition of the extension.","There can be no stigma associated with the use of extensions by any application, project, or standard - regardless of the institution or jurisdiction that uses or defines the extensions.  The use of extensions is what allows the FHIR specification to retain a core level of simplicity for everyone.","","","","","","","","",,,,,"","value:url}
","Extensions are always sliced by (at least) url",,"open","Element.extension",0,*,"","ele-1:All FHIR elements must have a @value or children {hasValue() or (children().count() > id.count())}
ext-1:Must have either extensions or value[x], not both {extension.exists() != value.exists()}","n/a"
"DosagingInformation.timing.repeat.count.modifierExtension","DosagingInformation.timing.repeat.count.modifierExtension","","extensions
user contentmodifiers","",0,*,"","Y","Y","Extension {[]} {[]}
","Extensions that cannot be ignored even if unrecognized","May be used to represent additional information that is not part of the basic definition of the element and that modifies the understanding of the element in which it is contained and/or the understanding of the containing element's descendants. Usually modifier elements provide negation or qualification. To make the use of extensions safe and managable, there is a strict set of governance applied to the definition and use of extensions. Though any implementer can define an extension, there is a set of requirements that SHALL be met as part of the definition of the extension. Applications processing a resource are required to check for modifier extensions.

Modifier extensions SHALL NOT change the meaning of any elements on Resource or DomainResource (including cannot change the meaning of modifierExtension itself).","There can be no stigma associated with the use of extensions by any application, project, or standard - regardless of the institution or jurisdiction that uses or defines the extensions.  The use of extensions is what allows the FHIR specification to retain a core level of simplicity for everyone.","Modifier extensions allow for extensions that *cannot* be safely ignored to be clearly distinguished from the vast majority of extensions which can be safely ignored.  This promotes interoperability by eliminating the need for implementers to prohibit the presence of extensions. For further information, see the [definition of modifier extensions](http://hl7.org/fhir/R5/extensibility.html#modifierExtension).","","","","","","","",,,,,"",,,,"BackboneElement.modifierExtension",0,*,"","ele-1:All FHIR elements must have a @value or children {hasValue() or (children().count() > id.count())}
ext-1:Must have either extensions or value[x], not both {extension.exists() != value.exists()}","N/A"
"DosagingInformation.timing.repeat.count.count","DosagingInformation.timing.repeat.count.count","","","",0,1,"","","","Element {[CanonicalType[https://profiles.ihe.net/Domain/LogicalDatatypes/StructureDefinition/INT]]} {[]}
","Number of times (e.g 'once', '10 times')","Number of times (e.g 'once', '10 times')","","","","","","","","","",,,,,"",,,,"DosagingInformation.timing.repeat.count.count",0,1,"",""
"DosagingInformation.timing.repeat.count.countMax","DosagingInformation.timing.repeat.count.countMax","","","",0,1,"","","","Element {[CanonicalType[https://profiles.ihe.net/Domain/LogicalDatatypes/StructureDefinition/INT]]} {[]}
","Maximum number of times (e.g 'maximum 10 times')","Maximum number of times (e.g 'maximum 10 times')","","","","","","","","","",,,,,"",,,,"DosagingInformation.timing.repeat.count.countMax",0,1,"",""
"DosagingInformation.timing.repeat.duration","DosagingInformation.timing.repeat.duration","","","",0,1,"","","","BackboneElement {[CanonicalType[https://profiles.ihe.net/Domain/LogicalDatatypes/StructureDefinition/Class]]} {[]}
","Duration of one administration, exact or range","Duration of one administration, exact or range","","","","","","","","","",,,,,"",,,,"DosagingInformation.timing.repeat.duration",0,1,"","ele-1:All FHIR elements must have a @value or children {hasValue() or (children().count() > id.count())}
"
"DosagingInformation.timing.repeat.duration.id","DosagingInformation.timing.repeat.duration.id","","","",0,1,"","","","id {[]} {[]}
","Unique id for inter-element referencing","Unique id for the element within a resource (for internal references). This may be any string value that does not contain spaces.","","","","","","","","","",,,,,"",,,,"Element.id",0,1,"ele-1
","","n/a"
"DosagingInformation.timing.repeat.duration.extension","DosagingInformation.timing.repeat.duration.extension","","extensions
user content","",0,*,"","","","Extension {[]} {[]}
","Additional content defined by implementations","May be used to represent additional information that is not part of the basic definition of the element. To make the use of extensions safe and managable, there is a strict set of governance applied to the definition and use of extensions. Though any implementer can define an extension, there is a set of requirements that SHALL be met as part of the definition of the extension.","There can be no stigma associated with the use of extensions by any application, project, or standard - regardless of the institution or jurisdiction that uses or defines the extensions.  The use of extensions is what allows the FHIR specification to retain a core level of simplicity for everyone.","","","","","","","","",,,,,"","value:url}
","Extensions are always sliced by (at least) url",,"open","Element.extension",0,*,"","ele-1:All FHIR elements must have a @value or children {hasValue() or (children().count() > id.count())}
ext-1:Must have either extensions or value[x], not both {extension.exists() != value.exists()}","n/a"
"DosagingInformation.timing.repeat.duration.modifierExtension","DosagingInformation.timing.repeat.duration.modifierExtension","","extensions
user contentmodifiers","",0,*,"","Y","Y","Extension {[]} {[]}
","Extensions that cannot be ignored even if unrecognized","May be used to represent additional information that is not part of the basic definition of the element and that modifies the understanding of the element in which it is contained and/or the understanding of the containing element's descendants. Usually modifier elements provide negation or qualification. To make the use of extensions safe and managable, there is a strict set of governance applied to the definition and use of extensions. Though any implementer can define an extension, there is a set of requirements that SHALL be met as part of the definition of the extension. Applications processing a resource are required to check for modifier extensions.

Modifier extensions SHALL NOT change the meaning of any elements on Resource or DomainResource (including cannot change the meaning of modifierExtension itself).","There can be no stigma associated with the use of extensions by any application, project, or standard - regardless of the institution or jurisdiction that uses or defines the extensions.  The use of extensions is what allows the FHIR specification to retain a core level of simplicity for everyone.","Modifier extensions allow for extensions that *cannot* be safely ignored to be clearly distinguished from the vast majority of extensions which can be safely ignored.  This promotes interoperability by eliminating the need for implementers to prohibit the presence of extensions. For further information, see the [definition of modifier extensions](http://hl7.org/fhir/R5/extensibility.html#modifierExtension).","","","","","","","",,,,,"",,,,"BackboneElement.modifierExtension",0,*,"","ele-1:All FHIR elements must have a @value or children {hasValue() or (children().count() > id.count())}
ext-1:Must have either extensions or value[x], not both {extension.exists() != value.exists()}","N/A"
"DosagingInformation.timing.repeat.duration.duration","DosagingInformation.timing.repeat.duration.duration","","","",0,1,"","","","Element {[CanonicalType[https://profiles.ihe.net/Domain/LogicalDatatypes/StructureDefinition/PQ]]} {[]}
","Duration of administration (e.g '5 minutes', '1 hour')","Duration of administration (e.g '5 minutes', '1 hour')","","","","","","","","","",,,,,"",,,,"DosagingInformation.timing.repeat.duration.duration",0,1,"",""
"DosagingInformation.timing.repeat.duration.durationMax","DosagingInformation.timing.repeat.duration.durationMax","","","",0,1,"","","","Element {[CanonicalType[https://profiles.ihe.net/Domain/LogicalDatatypes/StructureDefinition/PQ]]} {[]}
","Maximum duration of administration (e.g 'maximum 1 hour')","Maximum duration of administration (e.g 'maximum 1 hour')","","","","","","","","","",,,,,"",,,,"DosagingInformation.timing.repeat.duration.durationMax",0,1,"",""
"DosagingInformation.timing.repeat.frequency","DosagingInformation.timing.repeat.frequency","","","",0,1,"","","","BackboneElement {[CanonicalType[https://profiles.ihe.net/Domain/LogicalDatatypes/StructureDefinition/Class]]} {[]}
","Frequency of intake/administration (e.g 'three times a day')","Frequency of intake/administration (e.g 'three times a day')","","","","","","","","","",,,,,"",,,,"DosagingInformation.timing.repeat.frequency",0,1,"","ele-1:All FHIR elements must have a @value or children {hasValue() or (children().count() > id.count())}
"
"DosagingInformation.timing.repeat.frequency.id","DosagingInformation.timing.repeat.frequency.id","","","",0,1,"","","","id {[]} {[]}
","Unique id for inter-element referencing","Unique id for the element within a resource (for internal references). This may be any string value that does not contain spaces.","","","","","","","","","",,,,,"",,,,"Element.id",0,1,"ele-1
","","n/a"
"DosagingInformation.timing.repeat.frequency.extension","DosagingInformation.timing.repeat.frequency.extension","","extensions
user content","",0,*,"","","","Extension {[]} {[]}
","Additional content defined by implementations","May be used to represent additional information that is not part of the basic definition of the element. To make the use of extensions safe and managable, there is a strict set of governance applied to the definition and use of extensions. Though any implementer can define an extension, there is a set of requirements that SHALL be met as part of the definition of the extension.","There can be no stigma associated with the use of extensions by any application, project, or standard - regardless of the institution or jurisdiction that uses or defines the extensions.  The use of extensions is what allows the FHIR specification to retain a core level of simplicity for everyone.","","","","","","","","",,,,,"","value:url}
","Extensions are always sliced by (at least) url",,"open","Element.extension",0,*,"","ele-1:All FHIR elements must have a @value or children {hasValue() or (children().count() > id.count())}
ext-1:Must have either extensions or value[x], not both {extension.exists() != value.exists()}","n/a"
"DosagingInformation.timing.repeat.frequency.modifierExtension","DosagingInformation.timing.repeat.frequency.modifierExtension","","extensions
user contentmodifiers","",0,*,"","Y","Y","Extension {[]} {[]}
","Extensions that cannot be ignored even if unrecognized","May be used to represent additional information that is not part of the basic definition of the element and that modifies the understanding of the element in which it is contained and/or the understanding of the containing element's descendants. Usually modifier elements provide negation or qualification. To make the use of extensions safe and managable, there is a strict set of governance applied to the definition and use of extensions. Though any implementer can define an extension, there is a set of requirements that SHALL be met as part of the definition of the extension. Applications processing a resource are required to check for modifier extensions.

Modifier extensions SHALL NOT change the meaning of any elements on Resource or DomainResource (including cannot change the meaning of modifierExtension itself).","There can be no stigma associated with the use of extensions by any application, project, or standard - regardless of the institution or jurisdiction that uses or defines the extensions.  The use of extensions is what allows the FHIR specification to retain a core level of simplicity for everyone.","Modifier extensions allow for extensions that *cannot* be safely ignored to be clearly distinguished from the vast majority of extensions which can be safely ignored.  This promotes interoperability by eliminating the need for implementers to prohibit the presence of extensions. For further information, see the [definition of modifier extensions](http://hl7.org/fhir/R5/extensibility.html#modifierExtension).","","","","","","","",,,,,"",,,,"BackboneElement.modifierExtension",0,*,"","ele-1:All FHIR elements must have a @value or children {hasValue() or (children().count() > id.count())}
ext-1:Must have either extensions or value[x], not both {extension.exists() != value.exists()}","N/A"
"DosagingInformation.timing.repeat.frequency.numberOfTimes","DosagingInformation.timing.repeat.frequency.numberOfTimes","","","",0,1,"","","","Element {[CanonicalType[https://profiles.ihe.net/Domain/LogicalDatatypes/StructureDefinition/INT]]} {[]}
","Number of times per period (e.g '3 times')","Number of times per period (e.g '3 times')","","","","","","","","","",,,,,"",,,,"DosagingInformation.timing.repeat.frequency.numberOfTimes",0,1,"",""
"DosagingInformation.timing.repeat.frequency.maxNumberOfTimes","DosagingInformation.timing.repeat.frequency.maxNumberOfTimes","","","",0,1,"","","","Element {[CanonicalType[https://profiles.ihe.net/Domain/LogicalDatatypes/StructureDefinition/INT]]} {[]}
","Maximum number of times per period (e.g. 'maximum 3 times')","Maximum number of times per period (e.g. 'maximum 3 times')","","","","","","","","","",,,,,"",,,,"DosagingInformation.timing.repeat.frequency.maxNumberOfTimes",0,1,"",""
"DosagingInformation.timing.repeat.frequency.period","DosagingInformation.timing.repeat.frequency.period","","","",0,1,"","","","Element {[CanonicalType[https://profiles.ihe.net/Domain/LogicalDatatypes/StructureDefinition/PQ]]} {[]}
","Duration to which the frequency applies (e.g '... / 1 day')","Duration to which the frequency applies (e.g '... / 1 day')","","","","","","","","","",,,,,"",,,,"DosagingInformation.timing.repeat.frequency.period",0,1,"",""
"DosagingInformation.timing.repeat.frequency.periodMax","DosagingInformation.timing.repeat.frequency.periodMax","","","",0,1,"","","","Element {[CanonicalType[https://profiles.ihe.net/Domain/LogicalDatatypes/StructureDefinition/PQ]]} {[]}
","Upper limit of the period (e.g ... / 4-6 hours)","Upper limit of the period (e.g ... / 4-6 hours)","","","","","","","","","",,,,,"",,,,"DosagingInformation.timing.repeat.frequency.periodMax",0,1,"",""
"DosagingInformation.timing.repeat.dayOfWeek","DosagingInformation.timing.repeat.dayOfWeek","","","",0,*,"","","","Element {[CanonicalType[https://profiles.ihe.net/Domain/LogicalDatatypes/StructureDefinition/CD]]} {[]}
","The day of the week of administration, e.g Mon, Tue, etc","The day of the week of administration, e.g Mon, Tue, etc","","","","","","","","","",,,,,"",,,,"DosagingInformation.timing.repeat.dayOfWeek",0,*,"",""
"DosagingInformation.timing.repeat.timeOfDay","DosagingInformation.timing.repeat.timeOfDay","","","",0,*,"","","","time {[]} {[]}
","Time of day of administration (e.g '10:00')","Time of day of administration (e.g '10:00')","","","","","","","","","",,,,,"",,,,"DosagingInformation.timing.repeat.timeOfDay",0,*,"",""
"DosagingInformation.timing.repeat.eventTime","DosagingInformation.timing.repeat.eventTime","","","",0,*,"","","","BackboneElement {[CanonicalType[https://profiles.ihe.net/Domain/LogicalDatatypes/StructureDefinition/Class]]} {[]}
","An event the administration is bound to, e.g 'before meal', '30 min before meal'","An event the administration is bound to, e.g 'before meal', '30 min before meal'","","","","","","","","","",,,,,"",,,,"DosagingInformation.timing.repeat.eventTime",0,*,"","ele-1:All FHIR elements must have a @value or children {hasValue() or (children().count() > id.count())}
"
"DosagingInformation.timing.repeat.eventTime.id","DosagingInformation.timing.repeat.eventTime.id","","","",0,1,"","","","id {[]} {[]}
","Unique id for inter-element referencing","Unique id for the element within a resource (for internal references). This may be any string value that does not contain spaces.","","","","","","","","","",,,,,"",,,,"Element.id",0,1,"ele-1
","","n/a"
"DosagingInformation.timing.repeat.eventTime.extension","DosagingInformation.timing.repeat.eventTime.extension","","extensions
user content","",0,*,"","","","Extension {[]} {[]}
","Additional content defined by implementations","May be used to represent additional information that is not part of the basic definition of the element. To make the use of extensions safe and managable, there is a strict set of governance applied to the definition and use of extensions. Though any implementer can define an extension, there is a set of requirements that SHALL be met as part of the definition of the extension.","There can be no stigma associated with the use of extensions by any application, project, or standard - regardless of the institution or jurisdiction that uses or defines the extensions.  The use of extensions is what allows the FHIR specification to retain a core level of simplicity for everyone.","","","","","","","","",,,,,"","value:url}
","Extensions are always sliced by (at least) url",,"open","Element.extension",0,*,"","ele-1:All FHIR elements must have a @value or children {hasValue() or (children().count() > id.count())}
ext-1:Must have either extensions or value[x], not both {extension.exists() != value.exists()}","n/a"
"DosagingInformation.timing.repeat.eventTime.modifierExtension","DosagingInformation.timing.repeat.eventTime.modifierExtension","","extensions
user contentmodifiers","",0,*,"","Y","Y","Extension {[]} {[]}
","Extensions that cannot be ignored even if unrecognized","May be used to represent additional information that is not part of the basic definition of the element and that modifies the understanding of the element in which it is contained and/or the understanding of the containing element's descendants. Usually modifier elements provide negation or qualification. To make the use of extensions safe and managable, there is a strict set of governance applied to the definition and use of extensions. Though any implementer can define an extension, there is a set of requirements that SHALL be met as part of the definition of the extension. Applications processing a resource are required to check for modifier extensions.

Modifier extensions SHALL NOT change the meaning of any elements on Resource or DomainResource (including cannot change the meaning of modifierExtension itself).","There can be no stigma associated with the use of extensions by any application, project, or standard - regardless of the institution or jurisdiction that uses or defines the extensions.  The use of extensions is what allows the FHIR specification to retain a core level of simplicity for everyone.","Modifier extensions allow for extensions that *cannot* be safely ignored to be clearly distinguished from the vast majority of extensions which can be safely ignored.  This promotes interoperability by eliminating the need for implementers to prohibit the presence of extensions. For further information, see the [definition of modifier extensions](http://hl7.org/fhir/R5/extensibility.html#modifierExtension).","","","","","","","",,,,,"",,,,"BackboneElement.modifierExtension",0,*,"","ele-1:All FHIR elements must have a @value or children {hasValue() or (children().count() > id.count())}
ext-1:Must have either extensions or value[x], not both {extension.exists() != value.exists()}","N/A"
"DosagingInformation.timing.repeat.eventTime.when","DosagingInformation.timing.repeat.eventTime.when","","","",0,*,"","","","Element {[CanonicalType[https://profiles.ihe.net/Domain/LogicalDatatypes/StructureDefinition/CD]]} {[]}
","Time period or event ('before meal', 'immediately', 'morning')","Time period or event ('before meal', 'immediately', 'morning')","","","","","","","","","",,,,,"",,,,"DosagingInformation.timing.repeat.eventTime.when",0,*,"",""
"DosagingInformation.timing.repeat.eventTime.offset","DosagingInformation.timing.repeat.eventTime.offset","","","",0,1,"","","","Element {[CanonicalType[https://profiles.ihe.net/Domain/LogicalDatatypes/StructureDefinition/INT]]} {[]}
","minutes from event, before or after (?not sure how to show before/after with only positive integers)","minutes from event, before or after (?not sure how to show before/after with only positive integers)","","","","","","","","","",,,,,"",,,,"DosagingInformation.timing.repeat.eventTime.offset",0,1,"",""
"DosagingInformation.asNeeded","DosagingInformation.asNeeded","","","",0,1,"","","","Element {[CanonicalType[https://profiles.ihe.net/Domain/LogicalDatatypes/StructureDefinition/BL]]} {[]}
","Take as needed","Take as needed","","","","","","","","","",,,,,"",,,,"DosagingInformation.asNeeded",0,1,"",""
"DosagingInformation.asNeededFor","DosagingInformation.asNeededFor","","","",0,*,"","","","Element {[CanonicalType[https://profiles.ihe.net/Domain/LogicalDatatypes/StructureDefinition/CD]]} {[]}
","Take as needed for the coded reason","Take as needed for the coded reason","","","","","","","","","",,,,,"",,,,"DosagingInformation.asNeededFor",0,*,"",""
"DosagingInformation.bodySite","DosagingInformation.bodySite","","","",0,1,"","","","Element {[CanonicalType[https://profiles.ihe.net/Domain/LogicalDatatypes/StructureDefinition/CD]]} {[]}
","Body site of administration","Body site of administration","","","","","","","","","",,,,,"",,,,"DosagingInformation.bodySite",0,1,"",""
"DosagingInformation.routeOfAdministration","DosagingInformation.routeOfAdministration","","","",0,1,"","","","Element {[CanonicalType[https://profiles.ihe.net/Domain/LogicalDatatypes/StructureDefinition/CD]]} {[]}
","Route of administration","Route of administration","","","","","","","","","",,,,,"",,,,"DosagingInformation.routeOfAdministration",0,1,"",""
"DosagingInformation.methodOfAdministration","DosagingInformation.methodOfAdministration","","","",0,1,"","","","Element {[CanonicalType[https://profiles.ihe.net/Domain/LogicalDatatypes/StructureDefinition/CD]]} {[]}
","Method of administration","Method of administration","","","","","","","","","",,,,,"",,,,"DosagingInformation.methodOfAdministration",0,1,"",""
"DosagingInformation.maxDose","DosagingInformation.maxDose","","","",0,*,"","","","BackboneElement {[CanonicalType[https://profiles.ihe.net/Domain/LogicalDatatypes/StructureDefinition/Class]]} {[]}
","Maximum dose for the patient","Maximum dose for the patient","","","","","","","","","",,,,,"",,,,"DosagingInformation.maxDose",0,*,"","ele-1:All FHIR elements must have a @value or children {hasValue() or (children().count() > id.count())}
"
"DosagingInformation.maxDose.id","DosagingInformation.maxDose.id","","","",0,1,"","","","id {[]} {[]}
","Unique id for inter-element referencing","Unique id for the element within a resource (for internal references). This may be any string value that does not contain spaces.","","","","","","","","","",,,,,"",,,,"Element.id",0,1,"ele-1
","","n/a"
"DosagingInformation.maxDose.extension","DosagingInformation.maxDose.extension","","extensions
user content","",0,*,"","","","Extension {[]} {[]}
","Additional content defined by implementations","May be used to represent additional information that is not part of the basic definition of the element. To make the use of extensions safe and managable, there is a strict set of governance applied to the definition and use of extensions. Though any implementer can define an extension, there is a set of requirements that SHALL be met as part of the definition of the extension.","There can be no stigma associated with the use of extensions by any application, project, or standard - regardless of the institution or jurisdiction that uses or defines the extensions.  The use of extensions is what allows the FHIR specification to retain a core level of simplicity for everyone.","","","","","","","","",,,,,"","value:url}
","Extensions are always sliced by (at least) url",,"open","Element.extension",0,*,"","ele-1:All FHIR elements must have a @value or children {hasValue() or (children().count() > id.count())}
ext-1:Must have either extensions or value[x], not both {extension.exists() != value.exists()}","n/a"
"DosagingInformation.maxDose.modifierExtension","DosagingInformation.maxDose.modifierExtension","","extensions
user contentmodifiers","",0,*,"","Y","Y","Extension {[]} {[]}
","Extensions that cannot be ignored even if unrecognized","May be used to represent additional information that is not part of the basic definition of the element and that modifies the understanding of the element in which it is contained and/or the understanding of the containing element's descendants. Usually modifier elements provide negation or qualification. To make the use of extensions safe and managable, there is a strict set of governance applied to the definition and use of extensions. Though any implementer can define an extension, there is a set of requirements that SHALL be met as part of the definition of the extension. Applications processing a resource are required to check for modifier extensions.

Modifier extensions SHALL NOT change the meaning of any elements on Resource or DomainResource (including cannot change the meaning of modifierExtension itself).","There can be no stigma associated with the use of extensions by any application, project, or standard - regardless of the institution or jurisdiction that uses or defines the extensions.  The use of extensions is what allows the FHIR specification to retain a core level of simplicity for everyone.","Modifier extensions allow for extensions that *cannot* be safely ignored to be clearly distinguished from the vast majority of extensions which can be safely ignored.  This promotes interoperability by eliminating the need for implementers to prohibit the presence of extensions. For further information, see the [definition of modifier extensions](http://hl7.org/fhir/R5/extensibility.html#modifierExtension).","","","","","","","",,,,,"",,,,"BackboneElement.modifierExtension",0,*,"","ele-1:All FHIR elements must have a @value or children {hasValue() or (children().count() > id.count())}
ext-1:Must have either extensions or value[x], not both {extension.exists() != value.exists()}","N/A"
"DosagingInformation.maxDose.maxDosePerPeriod","DosagingInformation.maxDose.maxDosePerPeriod","","","",0,*,"","","","Element {[CanonicalType[https://profiles.ihe.net/Domain/LogicalDatatypes/StructureDefinition/RTO]]} {[]}
","Upper limit on medication per unit of time","Upper limit on medication per unit of time","","","","","","","","","",,,,,"",,,,"DosagingInformation.maxDose.maxDosePerPeriod",0,*,"",""
"DosagingInformation.maxDose.maxDosePerAdministration","DosagingInformation.maxDose.maxDosePerAdministration","","","",0,1,"","","","Element {[CanonicalType[https://profiles.ihe.net/Domain/LogicalDatatypes/StructureDefinition/PQ]]} {[]}
","Upper limit on medication per one administration","Upper limit on medication per one administration","","","","","","","","","",,,,,"",,,,"DosagingInformation.maxDose.maxDosePerAdministration",0,1,"",""
"DosagingInformation.maxDose.maxDosePerLifetime","DosagingInformation.maxDose.maxDosePerLifetime","","","",0,1,"","","","Element {[CanonicalType[https://profiles.ihe.net/Domain/LogicalDatatypes/StructureDefinition/PQ]]} {[]}
","Upper limit on medication per lifetime of the patient","Upper limit on medication per lifetime of the patient","","","","","","","","","",,,,,"",,,,"DosagingInformation.maxDose.maxDosePerLifetime",0,1,"",""
