"Id","Path","Slice Name","Alias(s)","Label","Min","Max","Must Support?","Is Modifier?","Is Summary?","Type(s)","Short","Definition","Comments","Requirements","Default Value","Meaning When Missing","Fixed Value","Pattern","Example","Minimum Value","Maximum Value","Maximum Length","Binding Strength","Binding Description","Binding Value Set","Code","Slicing Discriminator","Slicing Description","Slicing Ordered","Slicing Rules","Base Path","Base Min","Base Max","Condition(s)","Constraint(s)","Mapping: RIM Mapping"
"IHEMultilineOrder","IHEMultilineOrder","","","",0,*,"","","","null {[]} {[]}
","Medication order - multiline (model)","Logical model for multiline medication prescription","","","","","","","","","",,,,,"",,,,"Base",0,*,"","","n/a"
"IHEMultilineOrder.identifier","IHEMultilineOrder.identifier","","","",1,*,"","","","Identifier {[]} {[]}
","Business identifier(s) for the prescription group","Business identifier(s) for the prescription group","","","","","","","","","",,,,,"",,,,"IHEMultilineOrder.identifier",1,*,"",""
"IHEMultilineOrder.patient","IHEMultilineOrder.patient","","","",1,1,"","","","Reference {[]} {[CanonicalType[http://profiles.ihe.net/PHARM/MPD/StructureDefinition/PatientBasic]]}
","The person for whom the medication is prescribed/ordered","Question: would we want to add basic Patient model?","","","","","","","","","",,,,,"",,,,"IHEMultilineOrder.patient",1,1,"",""
"IHEMultilineOrder.prescriber","IHEMultilineOrder.prescriber","","","",1,1,"","","","Reference {[]} {[CanonicalType[http://profiles.ihe.net/PHARM/MPD/StructureDefinition/PractitionerBasic], CanonicalType[http://hl7.org/fhir/StructureDefinition/PractitionerRole]]}
","The person who made the prescription, and who takes the responsibility of the treatment","Question: would we want to add basic Practicioner model?","","","","","","","","","",,,,,"",,,,"IHEMultilineOrder.prescriber",1,1,"",""
"IHEMultilineOrder.issueDate","IHEMultilineOrder.issueDate","","","",1,1,"","","","dateTime {[]} {[]}
","Time of issuing (signing) the prescription by health care practicioner","Time of issuing (signing) the prescription by health care practicioner","","","","","","","","","",,,,,"",,,,"IHEMultilineOrder.issueDate",1,1,"",""
"IHEMultilineOrder.recorder","IHEMultilineOrder.recorder","","","",0,1,"","","","Reference {[]} {[CanonicalType[http://profiles.ihe.net/PHARM/MPD/StructureDefinition/PractitionerBasic], CanonicalType[http://hl7.org/fhir/StructureDefinition/PractitionerRole]]}
","The recorder of the prescription/draft in the information system","The recorder of the prescription/draft in the information system","","","","","","","","","",,,,,"",,,,"IHEMultilineOrder.recorder",0,1,"",""
"IHEMultilineOrder.recordingDate","IHEMultilineOrder.recordingDate","","","",0,1,"","","","dateTime {[]} {[]}
","Time of authoring the prescription/draft in the information system","Time of authoring the prescription/draft in the information system","","","","","","","","","",,,,,"",,,,"IHEMultilineOrder.recordingDate",0,1,"",""
"IHEMultilineOrder.validFrom","IHEMultilineOrder.validFrom","","","",0,1,"","","","dateTime {[]} {[]}
","Effective date of the prescription. The prescription is not dispensable before this date. In most cases this information repeats issueDate","Effective date of the prescription. The prescription is not dispensable before this date. In most cases this information repeats issueDate","","","","","","","","","",,,,,"",,,,"IHEMultilineOrder.validFrom",0,1,"",""
"IHEMultilineOrder.validUntil","IHEMultilineOrder.validUntil","","","",0,1,"","","","dateTime {[]} {[]}
","The validity period end date. The prescription is not dispensable after this date.","The validity period end date. The prescription is not dispensable after this date.","","","","","","","","","",,,,,"",,,,"IHEMultilineOrder.validUntil",0,1,"",""
"IHEMultilineOrder.medicationLine","IHEMultilineOrder.medicationLine","","","",1,*,"","","","BackboneElement {[]} {[]}
","Medication line in the prescription","Medication line in the prescription","","","","","","","","","",,,,,"",,,,"IHEMultilineOrder.medicationLine",1,*,"","ele-1:All FHIR elements must have a @value or children {hasValue() or (children().count() > id.count())}
"
"IHEMultilineOrder.medicationLine.id","IHEMultilineOrder.medicationLine.id","","","",0,1,"","","","id {[]} {[]}
","Unique id for inter-element referencing","Unique id for the element within a resource (for internal references). This may be any string value that does not contain spaces.","","","","","","","","","",,,,,"",,,,"Element.id",0,1,"ele-1
","","n/a"
"IHEMultilineOrder.medicationLine.extension","IHEMultilineOrder.medicationLine.extension","","extensions
user content","",0,*,"","","","Extension {[]} {[]}
","Additional content defined by implementations","May be used to represent additional information that is not part of the basic definition of the element. To make the use of extensions safe and managable, there is a strict set of governance applied to the definition and use of extensions. Though any implementer can define an extension, there is a set of requirements that SHALL be met as part of the definition of the extension.","There can be no stigma associated with the use of extensions by any application, project, or standard - regardless of the institution or jurisdiction that uses or defines the extensions.  The use of extensions is what allows the FHIR specification to retain a core level of simplicity for everyone.","","","","","","","","",,,,,"","value:url}
","Extensions are always sliced by (at least) url",,"open","Element.extension",0,*,"","ele-1:All FHIR elements must have a @value or children {hasValue() or (children().count() > id.count())}
ext-1:Must have either extensions or value[x], not both {extension.exists() != value.exists()}","n/a"
"IHEMultilineOrder.medicationLine.modifierExtension","IHEMultilineOrder.medicationLine.modifierExtension","","extensions
user contentmodifiers","",0,*,"","Y","Y","Extension {[]} {[]}
","Extensions that cannot be ignored even if unrecognized","May be used to represent additional information that is not part of the basic definition of the element and that modifies the understanding of the element in which it is contained and/or the understanding of the containing element's descendants. Usually modifier elements provide negation or qualification. To make the use of extensions safe and managable, there is a strict set of governance applied to the definition and use of extensions. Though any implementer can define an extension, there is a set of requirements that SHALL be met as part of the definition of the extension. Applications processing a resource are required to check for modifier extensions.

Modifier extensions SHALL NOT change the meaning of any elements on Resource or DomainResource (including cannot change the meaning of modifierExtension itself).","There can be no stigma associated with the use of extensions by any application, project, or standard - regardless of the institution or jurisdiction that uses or defines the extensions.  The use of extensions is what allows the FHIR specification to retain a core level of simplicity for everyone.","Modifier extensions allow for extensions that *cannot* be safely ignored to be clearly distinguished from the vast majority of extensions which can be safely ignored.  This promotes interoperability by eliminating the need for implementers to prohibit the presence of extensions. For further information, see the [definition of modifier extensions](http://hl7.org/fhir/R5/extensibility.html#modifierExtension).","","","","","","","",,,,,"",,,,"BackboneElement.modifierExtension",0,*,"","ele-1:All FHIR elements must have a @value or children {hasValue() or (children().count() > id.count())}
ext-1:Must have either extensions or value[x], not both {extension.exists() != value.exists()}","N/A"
"IHEMultilineOrder.medicationLine.status","IHEMultilineOrder.medicationLine.status","","","",1,1,"","","","CodeableConcept {[]} {[]}
","Status of the prescription, this should not be status of treatment","Status of the prescription, this should not be status of treatment","","","","","","","","","",,,,,"",,,,"IHEMultilineOrder.medicationLine.status",1,1,"",""
"IHEMultilineOrder.medicationLine.statusReason","IHEMultilineOrder.medicationLine.statusReason","","","",0,*,"","","","CodeableConcept {[]} {[]}
","Reason for the current status of prescription, for example the reason why the prescription was made invalid","Reason for the current status of prescription, for example the reason why the prescription was made invalid","","","","","","","","","",,,,,"",,,,"IHEMultilineOrder.medicationLine.statusReason",0,*,"",""
"IHEMultilineOrder.medicationLine.category","IHEMultilineOrder.medicationLine.category","","","",0,*,"","","","CodeableConcept {[]} {[]}
","Category or categories of prescription. For example type of reimbursement, or type of prescription (e.g. hospital, private, etc).","Category or categories of prescription. For example type of reimbursement, or type of prescription (e.g. hospital, private, etc).","","","","","","","","","",,,,,"",,,,"IHEMultilineOrder.medicationLine.category",0,*,"",""
"IHEMultilineOrder.medicationLine.basedOn","IHEMultilineOrder.medicationLine.basedOn","","","",0,1,"","","","Reference {[]} {[CanonicalType[http://profiles.ihe.net/PHARM/MPD/StructureDefinition/IHEMultilineOrder]]}
","What this order is based on","This is a reference to the order that this order is based on. For example, a prescription for a medication may be based on a proposal, and an administration request may be based on a prescription.","","","","","","","","","",,,,,"",,,,"IHEMultilineOrder.medicationLine.basedOn",0,1,"",""
"IHEMultilineOrder.medicationLine.medication","IHEMultilineOrder.medicationLine.medication","","","",1,1,"","","","Reference {[]} {[CanonicalType[http://profiles.ihe.net/PHARM/MPD/StructureDefinition/MedicinalProductModel]]}
","Prescribed product, branded, generic, virtual, extemporal, etc","Prescribed product, branded, generic, virtual, extemporal, etc","","","","","","","","","",,,,,"",,,,"IHEMultilineOrder.medicationLine.medication",1,1,"",""
"IHEMultilineOrder.medicationLine.prescriptionIntent","IHEMultilineOrder.medicationLine.prescriptionIntent","","","",0,1,"","","","CodeableConcept {[]} {[]}
","Type of intent of the prescription - prophylaxis, treatment, anesthesia, etc","Type of intent of the prescription - prophylaxis, treatment, anesthesia, etc","","","","","","","","","",,,,,"",,,,"IHEMultilineOrder.medicationLine.prescriptionIntent",0,1,"",""
"IHEMultilineOrder.medicationLine.indication","IHEMultilineOrder.medicationLine.indication","","","",0,*,"","","","CodeableConcept {[]} {[]}
","Reason for the prescription (typically diagnosis, prophylaxis, or a procedure)","Reason for the prescription (typically diagnosis, prophylaxis, or a procedure)","","","","","","","","","",,,,,"",,,,"IHEMultilineOrder.medicationLine.indication",0,*,"",""
"IHEMultilineOrder.medicationLine.indicationText","IHEMultilineOrder.medicationLine.indicationText","","","",0,1,"","","","string {[]} {[]}
","Reason for the prescription in textual form. This might not be allowed by some implementations.","Reason for the prescription in textual form. This might not be allowed by some implementations.","","","","","","","","","",,,,,"",,,,"IHEMultilineOrder.medicationLine.indicationText",0,1,"",""
"IHEMultilineOrder.medicationLine.indicationReference","IHEMultilineOrder.medicationLine.indicationReference","","","",0,*,"","","","string {[]} {[]}
","Reason for the prescription - as a reference to a problem, result, etc.","Reason for the prescription - as a reference to a problem, result, etc.","","","","","","","","","",,,,,"",,,,"IHEMultilineOrder.medicationLine.indicationReference",0,*,"",""
"IHEMultilineOrder.medicationLine.treatmentPeriod","IHEMultilineOrder.medicationLine.treatmentPeriod","","","",0,1,"","","","Period {[]} {[]}
","Period over which the medication is to be taken (in case of multiple dosaging schemes, this would be the overall period of all dosages.)","Period over which the medication is to be taken (in case of multiple dosaging schemes, this would be the overall period of all dosages.)","","","","","","","","","",,,,,"",,,,"IHEMultilineOrder.medicationLine.treatmentPeriod",0,1,"",""
"IHEMultilineOrder.medicationLine.quantityPrescribed","IHEMultilineOrder.medicationLine.quantityPrescribed","","","",0,1,"","","","Quantity {[]} {[]}
","Overall quantity of prescribed product (e.g number of packages or number of tablets).","Overall quantity of prescribed product (e.g number of packages or number of tablets).","","","","","","","","","",,,,,"",,,,"IHEMultilineOrder.medicationLine.quantityPrescribed",0,1,"",""
"IHEMultilineOrder.medicationLine.dosageInstructions","IHEMultilineOrder.medicationLine.dosageInstructions","","","",0,*,"","","","Reference {[]} {[CanonicalType[http://profiles.ihe.net/PHARM/MPD/StructureDefinition/DosagingInformation]]}
","Dosaging and administration instructions","Dosaging and administration instructions","","","","","","","","","",,,,,"",,,,"IHEMultilineOrder.medicationLine.dosageInstructions",0,*,"",""
"IHEMultilineOrder.medicationLine.preparationInstructions","IHEMultilineOrder.medicationLine.preparationInstructions","","","",0,1,"","","","string {[]} {[]}
","Additional instructions about preparation or dispense","Additional instructions about preparation or dispense","","","","","","","","","",,,,,"",,,,"IHEMultilineOrder.medicationLine.preparationInstructions",0,1,"",""
"IHEMultilineOrder.medicationLine.substitution","IHEMultilineOrder.medicationLine.substitution","","","",0,1,"","","","BackboneElement {[]} {[]}
","Whether and which type of substitution is allowed for this medication treatment line","Whether and which type of substitution is allowed for this medication treatment line","","","","","","","","","",,,,,"",,,,"IHEMultilineOrder.medicationLine.substitution",0,1,"","ele-1:All FHIR elements must have a @value or children {hasValue() or (children().count() > id.count())}
"
"IHEMultilineOrder.medicationLine.substitution.id","IHEMultilineOrder.medicationLine.substitution.id","","","",0,1,"","","","id {[]} {[]}
","Unique id for inter-element referencing","Unique id for the element within a resource (for internal references). This may be any string value that does not contain spaces.","","","","","","","","","",,,,,"",,,,"Element.id",0,1,"ele-1
","","n/a"
"IHEMultilineOrder.medicationLine.substitution.extension","IHEMultilineOrder.medicationLine.substitution.extension","","extensions
user content","",0,*,"","","","Extension {[]} {[]}
","Additional content defined by implementations","May be used to represent additional information that is not part of the basic definition of the element. To make the use of extensions safe and managable, there is a strict set of governance applied to the definition and use of extensions. Though any implementer can define an extension, there is a set of requirements that SHALL be met as part of the definition of the extension.","There can be no stigma associated with the use of extensions by any application, project, or standard - regardless of the institution or jurisdiction that uses or defines the extensions.  The use of extensions is what allows the FHIR specification to retain a core level of simplicity for everyone.","","","","","","","","",,,,,"","value:url}
","Extensions are always sliced by (at least) url",,"open","Element.extension",0,*,"","ele-1:All FHIR elements must have a @value or children {hasValue() or (children().count() > id.count())}
ext-1:Must have either extensions or value[x], not both {extension.exists() != value.exists()}","n/a"
"IHEMultilineOrder.medicationLine.substitution.modifierExtension","IHEMultilineOrder.medicationLine.substitution.modifierExtension","","extensions
user contentmodifiers","",0,*,"","Y","Y","Extension {[]} {[]}
","Extensions that cannot be ignored even if unrecognized","May be used to represent additional information that is not part of the basic definition of the element and that modifies the understanding of the element in which it is contained and/or the understanding of the containing element's descendants. Usually modifier elements provide negation or qualification. To make the use of extensions safe and managable, there is a strict set of governance applied to the definition and use of extensions. Though any implementer can define an extension, there is a set of requirements that SHALL be met as part of the definition of the extension. Applications processing a resource are required to check for modifier extensions.

Modifier extensions SHALL NOT change the meaning of any elements on Resource or DomainResource (including cannot change the meaning of modifierExtension itself).","There can be no stigma associated with the use of extensions by any application, project, or standard - regardless of the institution or jurisdiction that uses or defines the extensions.  The use of extensions is what allows the FHIR specification to retain a core level of simplicity for everyone.","Modifier extensions allow for extensions that *cannot* be safely ignored to be clearly distinguished from the vast majority of extensions which can be safely ignored.  This promotes interoperability by eliminating the need for implementers to prohibit the presence of extensions. For further information, see the [definition of modifier extensions](http://hl7.org/fhir/R5/extensibility.html#modifierExtension).","","","","","","","",,,,,"",,,,"BackboneElement.modifierExtension",0,*,"","ele-1:All FHIR elements must have a @value or children {hasValue() or (children().count() > id.count())}
ext-1:Must have either extensions or value[x], not both {extension.exists() != value.exists()}","N/A"
"IHEMultilineOrder.medicationLine.substitution.allowed[x]","IHEMultilineOrder.medicationLine.substitution.allowed[x]","","","",0,1,"","","","boolean {[]} {[]}
CodeableConcept {[]} {[]}","Whether substitution is allowed or not (or type of substitution).","Whether substitution is allowed or not (or type of substitution).","","","","","","","","","",,,,,"",,,,"IHEMultilineOrder.medicationLine.substitution.allowed[x]",0,1,"",""
"IHEMultilineOrder.medicationLine.substitution.reason[x]","IHEMultilineOrder.medicationLine.substitution.reason[x]","","","",0,1,"","","","CodeableConcept {[]} {[]}
string {[]} {[]}","Reason for the substitution requirement","Reason for the substitution requirement","","","","","","","","","",,,,,"",,,,"IHEMultilineOrder.medicationLine.substitution.reason[x]",0,1,"",""
"IHEMultilineOrder.medicationLine.offLabel","IHEMultilineOrder.medicationLine.offLabel","","","",0,1,"","","","Base {[]} {[]}
","Indicates that the prescriber has knowingly prescribed the medication for an indication, age group, dosage, or route of administration that is not approved by the regulatory agencies and is not mentioned in the prescribing information for the product.","Indicates that the prescriber has knowingly prescribed the medication for an indication, age group, dosage, or route of administration that is not approved by the regulatory agencies and is not mentioned in the prescribing information for the product.","","","","","","","","","",,,,,"",,,,"IHEMultilineOrder.medicationLine.offLabel",0,1,"",""
"IHEMultilineOrder.medicationLine.offLabel.isOffLabelUse","IHEMultilineOrder.medicationLine.offLabel.isOffLabelUse","","","",1,1,"","","","boolean {[]} {[]}
","Indicates off-label use. Must be 'true' when .reason is provided.","Indicates off-label use. Must be 'true' when .reason is provided.","","","","","","","","","",,,,,"",,,,"IHEMultilineOrder.medicationLine.offLabel.isOffLabelUse",1,1,"",""
"IHEMultilineOrder.medicationLine.offLabel.reason[x]","IHEMultilineOrder.medicationLine.offLabel.reason[x]","","","",0,*,"","","","CodeableConcept {[]} {[]}
string {[]} {[]}","Reason or related clarification for off-label use.","Reason or related clarification for off-label use.","","","","","","","","","",,,,,"",,,,"IHEMultilineOrder.medicationLine.offLabel.reason[x]",0,*,"",""
"IHEMultilineOrder.medicationLine.repeatsAllowed","IHEMultilineOrder.medicationLine.repeatsAllowed","","","",0,1,"","","","integer {[]} {[]}
","Number of refills authorized","How many times the prescription item can be dispensed in addition to the original dispense.","","","","","","","","","",,,,,"",,,,"IHEMultilineOrder.medicationLine.repeatsAllowed",0,1,"",""
"IHEMultilineOrder.medicationLine.minimumDispenseInterval","IHEMultilineOrder.medicationLine.minimumDispenseInterval","","","",0,1,"","","","Duration {[]} {[]}
","Minimum Dispense Interval","If a prescription allows for repeated dispensations, the interval between dispensations shall be stated here.","","","","","","","","","",,,,,"",,,,"IHEMultilineOrder.medicationLine.minimumDispenseInterval",0,1,"",""
"IHEMultilineOrder.comment","IHEMultilineOrder.comment","","","",0,*,"","","","string {[]} {[]}
","Additional information or comments","Additional information or comments","","","","","","","","","",,,,,"",,,,"IHEMultilineOrder.comment",0,*,"",""
