{
  "resourceType" : "Patient",
  "id" : "patient1",
  "text" : {
    "status" : "generated",
    "div" : "<div xmlns=\"http://www.w3.org/1999/xhtml\"><p class=\"res-header-id\"><b>Generated Narrative: Patient patient1</b></p><a name=\"patient1\"> </a><a name=\"hcpatient1\"> </a><a name=\"patient1-en-US\"> </a><p style=\"border: 1px #661aff solid; background-color: #e6e6ff; padding: 10px;\">Thomas Engine  Male, DoB: 1950-09-15 ( 12345)</p><hr/></div>"
  },
  "identifier" : [{
    "value" : "12345"
  }],
  "name" : [{
    "family" : "Engine",
    "given" : ["Thomas"]
  }],
  "gender" : "male",
  "birthDate" : "1950-09-15"
}