<?xml version="1.0" encoding="UTF-8"?><ActorDefinition xmlns="http://hl7.org/fhir"><id value="IHE.MPD.OrderPlacer"/><text><status value="generated"/><div xmlns="http://www.w3.org/1999/xhtml"><p class="res-header-id"><b>Generated Narrative: ActorDefinition IHE.MPD.OrderPlacer</b></p><a name="IHE.MPD.OrderPlacer"> </a><a name="hcIHE.MPD.OrderPlacer"> </a><a name="IHE.MPD.OrderPlacer-en-US"> </a><table class="grid"><tr><td><b>Actor: IHEMPDOrderPlacer </b></td><td>IHE MPD Order Placer</td><td>Type: system </td></tr><tr><td colspan="3"/></tr><tr><td>Capabilities:</td><td colspan="2"><a href="CapabilityStatement-IHE.MPD.OrderPlacerCS.html">IHE MPD Order Placer Actor</a></td></tr></table></div></text><url value="http://profiles.ihe.net/PHARM/MPD/ActorDefinition/IHE.MPD.OrderPlacer"/><version value="1.0.0-preview"/><name value="IHEMPDOrderPlacer"/><title value="IHE MPD Order Placer"/><status value="active"/><experimental value="false"/><date value="2024-07-08T16:49:44+00:00"/><publisher value="Integrating the Healthcare Enterprise (IHE)"/><contact><name value="Integrating the Healthcare Enterprise (IHE)"/><telecom><system value="url"/><value value="http://ihe.net"/></telecom><telecom><system value="email"/><value value="secretary@ihe.net"/></telecom></contact><contact><name value="José Costa Teixeira"/><telecom><system value="email"/><value value="jose.a.teixeira@gmail.com"/><use value="work"/></telecom></contact><description value="The Order Placer is responsible for submitting a medication order to an Order Receiver."/><jurisdiction><coding><system value="http://unstats.un.org/unsd/methods/m49/m49.htm"/><code value="001"/></coding></jurisdiction><copyright value="IHE http://www.ihe.net/Governance/#Intellectual_Property"/><type value="system"/><capabilities value="http://profiles.ihe.net/PHARM/MPD/CapabilityStatement/IHE.MPD.OrderPlacerCS"/></ActorDefinition>