{
  "resourceType" : "MedicationRequest",
  "id" : "300-2-medication-prescription-request2",
  "meta" : {
    "profile" : ["http://profiles.ihe.net/PHARM/MPD/StructureDefinition/IHEMedicationPrescription"]
  },
  "text" : {
    "status" : "generated",
    "div" : "<div xmlns=\"http://www.w3.org/1999/xhtml\"><p class=\"res-header-id\"><b>Generated Narrative: MedicationRequest 300-2-medication-prescription-request2</b></p><a name=\"300-2-medication-prescription-request2\"> </a><a name=\"hc300-2-medication-prescription-request2\"> </a><a name=\"300-2-medication-prescription-request2-en-US\"> </a><div style=\"display: inline-block; background-color: #d9e0e7; padding: 6px; margin: 4px; border: 1px solid #8da1b4; border-radius: 5px; line-height: 60%\"><p style=\"margin-bottom: 0px\"/><p style=\"margin-bottom: 0px\">Profile: <a href=\"StructureDefinition-IHEMedicationPrescription.html\">IHE Medication Prescription</a></p></div><p><b>identifier</b>: 300-2/2</p><p><b>groupIdentifier</b>: 300</p><p><b>status</b>: Active</p><p><b>intent</b>: Order</p><h3>Medications</h3><table class=\"grid\"><tr><td style=\"display: none\">-</td><td><b>Reference</b></td></tr><tr><td style=\"display: none\">*</td><td><a href=\"Medication-02A1-CanifugCremolumCreamItem.html\">Medication: extension = Tube,20 gram; doseForm = Vaginal cream; totalVolume = 1 Tube</a></td></tr></table><p><b>subject</b>: <a href=\"Patient-patient1.html\">Thomas Engine  Male, DoB: 1950-09-15 ( 12345)</a></p><p><b>authoredOn</b>: 2024-10-06</p><p><b>requester</b>: <a href=\"PractitionerRole-doctor1.html\">PractitionerRole Clinical oncologist</a></p><h3>Reasons</h3><table class=\"grid\"><tr><td style=\"display: none\">-</td><td><b>Concept</b></td></tr><tr><td style=\"display: none\">*</td><td><span title=\"Codes:{http://snomed.info/sct 72934000}\">Candidiasis of vagina</span></td></tr></table><blockquote><p><b>dosageInstruction</b></p><p><b>timing</b>: 2 per 1 day</p><h3>DoseAndRates</h3><table class=\"grid\"><tr><td style=\"display: none\">-</td><td><b>Dose[x]</b></td></tr><tr><td style=\"display: none\">*</td><td>1 Application - unit of product usage<span style=\"background: LightGoldenRodYellow\"> (Details: SNOMED CT  code413568008 = 'Application')</span></td></tr></table></blockquote><h3>DispenseRequests</h3><table class=\"grid\"><tr><td style=\"display: none\">-</td><td><b>ValidityPeriod</b></td><td><b>NumberOfRepeatsAllowed</b></td><td><b>Quantity</b></td></tr><tr><td style=\"display: none\">*</td><td>2024-10-06 --&gt; 2024-12-06</td><td>1</td><td>20 gram(s)<span style=\"background: LightGoldenRodYellow\"> (Details: UCUM  codeg = 'g')</span></td></tr></table></div>"
  },
  "identifier" : [{
    "value" : "300-2/2"
  }],
  "groupIdentifier" : {
    "value" : "300"
  },
  "status" : "active",
  "intent" : "order",
  "medication" : {
    "reference" : {
      "reference" : "Medication/02A1-CanifugCremolumCreamItem"
    }
  },
  "subject" : {
    "reference" : "Patient/patient1"
  },
  "authoredOn" : "2024-10-06",
  "requester" : {
    "reference" : "PractitionerRole/doctor1"
  },
  "reason" : [{
    "concept" : {
      "coding" : [{
        "system" : "http://snomed.info/sct",
        "code" : "72934000",
        "display" : "Candidiasis of vagina"
      }]
    }
  }],
  "dosageInstruction" : [{
    "timing" : {
      "repeat" : {
        "boundsDuration" : {
          "value" : 6,
          "unit" : "day",
          "system" : "http://unitsofmeasure.org",
          "code" : "d"
        },
        "frequency" : 2,
        "period" : 1,
        "periodUnit" : "d"
      }
    },
    "doseAndRate" : [{
      "doseQuantity" : {
        "value" : 1,
        "unit" : "Application - unit of product usage",
        "system" : "http://snomed.info/sct",
        "code" : "413568008"
      }
    }]
  }],
  "dispenseRequest" : {
    "validityPeriod" : {
      "start" : "2024-10-06",
      "end" : "2024-12-06"
    },
    "numberOfRepeatsAllowed" : 1,
    "quantity" : {
      "value" : 20,
      "unit" : "gram(s)",
      "system" : "http://unitsofmeasure.org",
      "code" : "g"
    }
  }
}