URL,Version,Status,OIDs,Name,Title,Description,Used
http://hl7.org/fhir/ingredient-role,5.0.0,active,"2.16.840.1.113883.4.642.4.2080",IngredientRole,Ingredient Role,"A classification of the ingredient identifying its purpose within the product, e.g. active, inactive.","ValueSet/ingredient-role"
http://hl7.org/fhir/unit-of-presentation,5.0.0,active,"2.16.840.1.113883.4.642.4.2031",UnitOfPresentation,Unit Of Presentation,"The presentation type in which an administrable medicinal product is given to a patient.","ValueSet/unit-of-presentation"
http://terminology.hl7.org/CodeSystem/medicationknowledge-characteristic,1.0.1,active,"2.16.840.1.113883.4.642.1.1338",MedicationKnowledgeCharacteristicCodes,MedicationKnowledge Characteristic Codes,"MedicationKnowledge Characteristic Codes","ValueSet/medicationknowledge-characteristic"
http://www.whocc.no/atc,2.0.1,active,"2.16.840.1.113883.6.73",WC,WHO ATC,"WHO ATC","ValueSet/medicinal-product-classification"
