{
  "resourceType" : "MedicationRequest",
  "id" : "PrescriptionLine1",
  "text" : {
    "status" : "generated",
    "div" : "<div xmlns=\"http://www.w3.org/1999/xhtml\"><p class=\"res-header-id\"><b>Generated Narrative: MedicationRequest PrescriptionLine1</b></p><a name=\"PrescriptionLine1\"> </a><a name=\"hcPrescriptionLine1\"> </a><a name=\"PrescriptionLine1-en-US\"> </a><p><b>identifier</b>: <code>http://example.com/prescriptionlines</code>/line1</p><p><b>groupIdentifier</b>: <code>http://example.com/prescriptions</code>/prescr1</p><p><b>status</b>: Active</p><p><b>intent</b>: Option</p><h3>Medications</h3><table class=\"grid\"><tr><td style=\"display: none\">-</td><td><b>Concept</b></td></tr><tr><td style=\"display: none\">*</td><td><span title=\"Codes:\">med1</span></td></tr></table><p><b>subject</b>: Identifier: patient1</p></div>"
  },
  "identifier" : [{
    "system" : "http://example.com/prescriptionlines",
    "value" : "line1"
  }],
  "groupIdentifier" : {
    "system" : "http://example.com/prescriptions",
    "value" : "prescr1"
  },
  "status" : "active",
  "intent" : "option",
  "medication" : {
    "concept" : {
      "coding" : [{
        "code" : "med1"
      }]
    }
  },
  "subject" : {
    "identifier" : {
      "value" : "patient1"
    }
  }
}