{
  "resourceType" : "Medication",
  "id" : "02A2-CanifugCremolumPessaryItem",
  "meta" : {
    "profile" : ["http://profiles.ihe.net/PHARM/ihe.pharm.mpd/StructureDefinition/IHEMedication"]
  },
  "text" : {
    "status" : "generated",
    "div" : "<div xmlns=\"http://www.w3.org/1999/xhtml\"><p><b>Generated Narrative: Medication </b><a name=\"02A2-CanifugCremolumPessaryItem\"> </a><a name=\"hc02A2-CanifugCremolumPessaryItem\"> </a></p><div style=\"display: inline-block; background-color: #d9e0e7; padding: 6px; margin: 4px; border: 1px solid #8da1b4; border-radius: 5px; line-height: 60%\"><p style=\"margin-bottom: 0px\">ResourceMedication &quot;02A2-CanifugCremolumPessaryItem&quot; </p><p style=\"margin-bottom: 0px\">Profile: <a href=\"StructureDefinition-IHEMedication.html\">Medicinal product</a></p></div><p><b>doseForm</b>: Pessary <span style=\"background: LightGoldenRodYellow; margin: 4px; border: 1px solid khaki\"> (standardterms.edqm.eu#10909000)</span></p><p><b>totalVolume</b>: 6 Pessary<span style=\"background: LightGoldenRodYellow\"> (Details: standardterms.edqm.eu  code15039000 = 'Pessary')</span></p><blockquote><p><b>ingredient</b></p><h3>Items</h3><table class=\"grid\"><tr><td style=\"display: none\">-</td><td><b>Concept</b></td></tr><tr><td style=\"display: none\">*</td><td>Clotrimazole <span style=\"background: LightGoldenRodYellow; margin: 4px; border: 1px solid khaki\"> (<a href=\"https://browser.ihtsdotools.org/\">SNOMED CT</a>#387325003)</span></td></tr></table><p><b>isActive</b>: true</p><p><b>strength</b>: 100 milligram<span style=\"background: LightGoldenRodYellow\"> (Details: UCUM  codemg = 'mg')</span>/1 Pessary<span style=\"background: LightGoldenRodYellow\"> (Details: standardterms.edqm.eu  code15039000 = 'Pessary')</span></p></blockquote></div>"
  },
  "doseForm" : {
    "coding" : [{
      "system" : "http://standardterms.edqm.eu",
      "code" : "10909000",
      "display" : "Pessary"
    }]
  },
  "totalVolume" : {
    "value" : 6,
    "unit" : "Pessary",
    "system" : "http://standardterms.edqm.eu",
    "code" : "15039000"
  },
  "ingredient" : [{
    "item" : {
      "concept" : {
        "coding" : [{
          "system" : "http://snomed.info/sct",
          "code" : "387325003",
          "display" : "Clotrimazole"
        }]
      }
    },
    "isActive" : true,
    "strengthRatio" : {
      "numerator" : {
        "value" : 100,
        "unit" : "milligram",
        "system" : "http://unitsofmeasure.org",
        "code" : "mg"
      },
      "denominator" : {
        "value" : 1,
        "unit" : "Pessary",
        "system" : "http://standardterms.edqm.eu",
        "code" : "15039000"
      }
    }
  }]
}