<?xml version="1.0" encoding="UTF-8"?>

<MedicationRequest xmlns="http://hl7.org/fhir">
  <id value="PrescriptionLine2"/>
  <text>
    <status value="generated"/><div xmlns="http://www.w3.org/1999/xhtml"><p class="res-header-id"><b>Generated Narrative: MedicationRequest PrescriptionLine2</b></p><a name="PrescriptionLine2"> </a><a name="hcPrescriptionLine2"> </a><a name="PrescriptionLine2-en-US"> </a><p><b>identifier</b>: <code>http://example.org/NamingSystem/prescriptionlines</code>/line2</p><p><b>groupIdentifier</b>: <code>http://example.org/prescriptions</code>/prescr1</p><p><b>status</b>: Active</p><p><b>intent</b>: Option</p><h3>Medications</h3><table class="grid"><tr><td style="display: none">-</td><td><b>Concept</b></td></tr><tr><td style="display: none">*</td><td><span title="Codes:{http://id.who.int/icd/release/11/mms XM2L06}">XM2L06</span></td></tr></table><p><b>subject</b>: Identifier: patient1</p></div>
  </text>
  <identifier>
    <system value="http://example.org/NamingSystem/prescriptionlines"/>
    <value value="line2"/>
  </identifier>
  <groupIdentifier>
    <system value="http://example.org/prescriptions"/>
    <value value="prescr1"/>
  </groupIdentifier>
  <status value="active"/>
  <intent value="option"/>
  <medication>
    <concept>
      <coding>
        <system value="http://id.who.int/icd/release/11/mms"/>
        <code value="XM2L06"/>
      </coding>
    </concept>
  </medication>
  <subject>
    <identifier>
      <value value="patient1"/>
    </identifier>
  </subject>
</MedicationRequest>